id,date,source_type,entries_count,title,display_value,author,selling_agent,institution,whether_mss,medium,date_accessed,location_institution,location,link,comments,created_by,created_at,updated_by,updated_at
34633,1999,Auction/Sale Catalog,1,Contributor Test Source,1999 - Selling Agent Test - Contributor Test Source,,Selling Agent Test,"",Yes,internet,1999,,,,,contribute,"May 18, 2016 10:24",contribute,"May 20, 2016 10:24"
34608,1985-01-22,Auction/Sale Catalog,0,Test Source,1985-01-22 - Test Source,,"","",,,,,,,,hellerb,"March 11, 2016 11:18",hellerb,"March 11, 2016 11:18"
34605,1977,Auction/Sale Catalog,0,Source Test,1977 - Source Test,,"","",,,,,,,,hellerb,"February 16, 2016 11:48",hellerb,"April 04, 2016 09:24"
34597,1977,Auction/Sale Catalog,0,Source Test,1977 - Source Test,,"","",,,,,,,,hellerb,"February 09, 2016 10:41",hellerb,"April 04, 2016 09:53"
34588,2008,Auction/Sale Catalog,1,"Tefaf-Fair 2008, Maastricht Highlights of Dr. Jorn Gunther Antiquariat Stand 246","2008 - Dr. Jorn Gunther - Tefaf-Fair 2008, Maastricht Highlights of Dr. Jorn Gunther Antiquariat Stand 246",,Dr. Jorn Gunther,"",Yes,private_collection,20151202,LJS,Schoenberg Institute for Manuscript Studies,,,mbudisin92,"December 02, 2015 16:51",mbudisin92,"December 02, 2015 16:55"
34379,2012,Auction/Sale Catalog,34,TextManuscripts 2: Before The King James Bible,2012 - Les Enluminures - TextManuscripts 2: Before The King James Bible,,Les Enluminures,"",Yes,,,"University of Pennsylvania, The Lawrence J. Schoenberg Catalogue Collection (Penn Print Coll. 28)","Philadelphia, PA,USA",,'author' field with value 'Sandra Hindman and Laura Light' in the legacy database could not be migrated into an appropriate field for this source type,aldevine,"February 24, 2015 10:46",aldevine,"March 04, 2015 12:03"
34377,2015-01-24,Auction/Sale Catalog,36,TextManuscripts 5: Women and the Book in the Middle Ages and Renaissance,2015-01-24 - Les Enluminures - TextManuscripts 5: Women and the Book in the Middle Ages and Renaissance,,Les Enluminures,"",Yes,,,,"",,,manuscript_database,"February 12, 2015 15:27",(none),""
34254,1860,Collection Catalog,1,"Catalogue Descriptif et Raisonne des Manuscrits de la Bibliotheque de Valenciennes [Paris, Techener (Jules Mangeart)]","1860 - Bibliotheque de Valenciennes - Catalogue Descriptif et Raisonne des Manuscrits de la Bibliotheque de Valenciennes [Paris, Techener (Jules Mangeart)]",,"",Bibliotheque de Valenciennes,Yes,,,,"",,,manuscript_database,"July 30, 2014 16:54",(none),""
34050,2014-01,Auction/Sale Catalog,6,Textmanuscripts,2014-01 - Les Enluminures - Textmanuscripts,,Les Enluminures,"",Yes,,,,"",,,manuscript_database,"January 28, 2014 20:22",(none),""
34044,2014-01,Auction/Sale Catalog,26,TextManuscripts 4: Sacred Song: Chanting the Bible in the Middle Ages and Renaissance,2014-01 - Les Enluminures - TextManuscripts 4: Sacred Song: Chanting the Bible in the Middle Ages and Renaissance,,Les Enluminures,"",Yes,,,"University of Pennsylvania, The Lawrence J. Schoenberg Catalogue Collection (Penn Print Coll. 28)","Philadelphia, PA,USA",,,manuscript_database,"January 23, 2014 13:06",aldevine,"February 17, 2015 12:54"
33976,1957,Auction/Sale Catalog,4,Temple,"1957 - Kraus, H. P. - Temple",,"Kraus, H. P.","",Yes,,,,"",,,manuscript_database,"January 17, 2014 15:10",(none),""
33970,1955,Auction/Sale Catalog,3,Temple,"1955 - Kraus, H. P. - Temple",,"Kraus, H. P.","",Yes,,,,"",,,manuscript_database,"January 17, 2014 15:10",(none),""
33869,1866-02-26,Auction/Sale Catalog,0,A catalogue of... books... including early Bibles and Testaments from the Offor collection...,"1866-02-26 - Sotheby, Wilkinson & Hodge - A catalogue of... books... including early Bibles and Testaments from the Offor collection...",,"Sotheby, Wilkinson & Hodge","",Maybe,internet,,,"",http://www.ulrls.lon.ac.uk/dericci/web_pdf/dericci_dated_sales_1860_1869.pdf,"From the Seymour de Ricci Archive of Dated Sales 1860-1869, p.60 (see link)",wester,"January 07, 2014 14:12",ecawlfield,"September 14, 2015 10:12"
33806,1861-01-23,Auction/Sale Catalog,0,"Catalogue of a portion of the library of the late J. N. Furze, Esq.,... to which is added the remaining portion of the library of Don Justo de Sancha... also some valuable books returned from the library of Archbishop Tenison","1861-01-23 - S. Leigh Sotheby & John Wilkinson - Catalogue of a portion of the library of the late J. N. Furze, Esq.,... to which is added the remaining portion of the library of Don Justo de Sancha... also some valuable books returned from the library of Archbishop Tenison",,S. Leigh Sotheby & John Wilkinson,"",Yes,internet,,,"",http://www.ulrls.lon.ac.uk/dericci/web_pdf/dericci_dated_sales_1860_1869.pdf,"From the Seymour de Ricci Archive of Dated Sales 1860-1869, p.9 (see link)",wester,"November 20, 2013 19:42",ecawlfield,"September 11, 2015 12:52"
33644,2013-09,Auction/Sale Catalog,32,TextManuscripts,2013-09 - Les Enluminures - TextManuscripts,,Les Enluminures,"",Yes,,,,"",,,manuscript_database,"September 14, 2013 12:07",(none),""
33591,1846-01-16,Auction/Sale Catalog,0,"A catalogue of valuable books, illuminated missals, books of prints, &c., including the library of a gentleman, removed from the Temple...","1846-01-16 - Hodgson - A catalogue of valuable books, illuminated missals, books of prints, &c., including the library of a gentleman, removed from the Temple...",,Hodgson,"",Yes,internet,,,"",http://www.ulrls.lon.ac.uk/dericci/web_pdf/dericci_dated_sales_1830_1849.pdf,"From the Seymour de Ricci Archive of Dated Sales 1830-1849, p.120 (see link)",wester,"August 21, 2013 18:42",(none),""
33536,1833-05-13,Auction/Sale Catalog,0,"Catalogue of a most interesting collection of Egyptian antiquities, principally found at Tehbes and Abydos during the years 1818, 19, 20 and 21...","1833-05-13 - Sotheby & Son - Catalogue of a most interesting collection of Egyptian antiquities, principally found at Tehbes and Abydos during the years 1818, 19, 20 and 21...",,Sotheby & Son,"",Yes,internet,,,"",http://www.ulrls.lon.ac.uk/dericci/web_pdf/dericci_dated_sales_1830_1849.pdf,"From the Seymour de Ricci Archive of Date Sales 1830-1849, p.17 (see link)",wester,"August 14, 2013 13:11",ecawlfield,"September 11, 2015 09:26"
33398,2013-03,Auction/Sale Catalog,34,TextManuscripts 3: Paths to Reform: 'Things New and Old',2013-03 - Les Enluminures - TextManuscripts 3: Paths to Reform: 'Things New and Old',,Les Enluminures,"",Yes,,,"University of Pennsylvania, The Lawrence J. Schoenberg Catalogue Collection (Penn Print Coll. 28)","Philadelphia, PA,USA",,,manuscript_database,"April 10, 2013 17:07",aldevine,"February 18, 2015 09:23"
33355,2013-03-15,Auction/Sale Catalog,2,"Highlights, TEFAF Maastricht","2013-03-15 - Dr. Jorn Gunther Rare Books AG - Highlights, TEFAF Maastricht",,Dr. Jorn Gunther Rare Books AG,"",Yes,,,"University of Pennsylvania, The Lawrence J. Schoenberg Catalogue Collection (Penn Print Coll. 28)","Philadelphia, PA,USA",,,manuscript_database,"February 23, 2013 17:58",aldevine,"January 27, 2015 10:27"
33339,2013-01,Auction/Sale Catalog,13,TextManuscripts,2013-01 - Les Enluminures - TextManuscripts,,Les Enluminures,"",Yes,,,,"",,,manuscript_database,"January 25, 2013 20:39",(none),""
33286,2012-09,Auction/Sale Catalog,40,TextManuscripts,2012-09 - Les Enluminures - TextManuscripts,,Les Enluminures,"",Yes,,,,"",,,manuscript_database,"September 21, 2012 20:47",(none),""
33080,2003-03,Auction/Sale Catalog,2,TextManuscripts,2003-03 - Les Enluminures - TextManuscripts,,Les Enluminures,"",Yes,,,,"",,,manuscript_database,"March 18, 2012 10:45",lschoenb,"March 25, 2012 16:56"
33079,2004-03,Auction/Sale Catalog,1,TextManuscripts,2004-03 - Les Enluminures - TextManuscripts,,Les Enluminures,"",Yes,,,,"",,,manuscript_database,"March 18, 2012 10:45",lschoenb,"March 25, 2012 16:56"
33078,2003-10,Auction/Sale Catalog,31,TextManuscripts,2003-10 - Les Enluminures - TextManuscripts,,Les Enluminures,"",Yes,,,,"",,,manuscript_database,"March 18, 2012 10:39",(none),""
33077,2009-09,Auction/Sale Catalog,20,TextManuscripts,2009-09 - Les Enluminures - TextManuscripts,,Les Enluminures,"",Yes,,,,"",,,manuscript_database,"March 18, 2012 10:37",(none),""
33060,2008,Auction/Sale Catalog,8,TextManuscripts February - April 2008 IN PURSUIT OF MANUSCRIPTS: A GENTLE MADNESS?,2008 - Les Enluminures - TextManuscripts February - April 2008 IN PURSUIT OF MANUSCRIPTS: A GENTLE MADNESS?,,Les Enluminures,"",Yes,,,,"",,,manuscript_database,"March 10, 2012 10:21",lschoenb,"March 25, 2012 17:02"
32941,2012-01,Auction/Sale Catalog,65,TextManuscripts,2012-01 - Les Enluminures - TextManuscripts,,Les Enluminures,"",Yes,,,,"",,,manuscript_database,"January 17, 2012 21:46",(none),""
32796,2011,Auction/Sale Catalog,21,Catalogue 10: Pagina Sacra: Bibles and Biblical Texts 1050-1511,2011 - Dr. Jorn Gunther Rare Books AG - Catalogue 10: Pagina Sacra: Bibles and Biblical Texts 1050-1511,,Dr. Jorn Gunther Rare Books AG,"",Yes,,,,"",,,manuscript_database,"October 27, 2011 11:27",aldevine,"February 10, 2015 11:04"
32707,2011-09,Auction/Sale Catalog,31,TextManuscripts,2011-09 - Les Enluminures - TextManuscripts,,Les Enluminures,"",Yes,,,,"",,,manuscript_database,"September 19, 2011 09:12",(none),""
32475,1787,Collection Catalog,59,Bibliotheca Maphaei Pinelli Veneti Magno Jam Studio Collecta...Tomus Tertius,"1787 - Pinelli, Maffeo - Bibliotheca Maphaei Pinelli Veneti Magno Jam Studio Collecta...Tomus Tertius",,"","Pinelli, Maffeo",Yes,,,LJS,"",,,manuscript_database,"May 28, 2011 10:20",mthackrah,"May 28, 2011 10:22"
32213,1734-02-19,Auction/Sale Catalog,0,"Bibliotheca Wincupiana & Martyniana: or, A catalogue of the libraries of the Revd Dr. Wincup, and of Robert Martyn, of the Inner-Temple, Esq","1734-02-19 - Osborne, Thomas - Bibliotheca Wincupiana & Martyniana: or, A catalogue of the libraries of the Revd Dr. Wincup, and of Robert Martyn, of the Inner-Temple, Esq",,"Osborne, Thomas","",Maybe,,,"Bodleian Library, Oxford","",,,aldevine,"February 23, 2011 15:44",aldevine,"February 23, 2011 15:45"
32200,1753-11-26,Auction/Sale Catalog,0,"A catalogue of the libraries of the late Dr. Cromwell Mortimer, ... Edmund Pargiter, Esq; and many others, too tedious to mention; ... to be sold ... at T. Osborne's, in Grays-Inn, on the 26th day of November 1753","1753-11-26 - Osborne, Thomas - A catalogue of the libraries of the late Dr. Cromwell Mortimer, ... Edmund Pargiter, Esq; and many others, too tedious to mention; ... to be sold ... at T. Osborne's, in Grays-Inn, on the 26th day of November 1753",,"Osborne, Thomas","",Maybe,,,Fordham University,"",,,aldevine,"February 23, 2011 14:50",(none),""
32199,1762,Auction/Sale Catalog,0,"The first volume of a catalogue of the libraries of the Rev. Mr. Dongworth of Durham, Dr. Green, of Spalding, Henry Anderson, Esq; of the Temple, And many other Gentlemen, lately deceascd","1762 - Osborne, Thomas - The first volume of a catalogue of the libraries of the Rev. Mr. Dongworth of Durham, Dr. Green, of Spalding, Henry Anderson, Esq; of the Temple, And many other Gentlemen, lately deceascd",,"Osborne, Thomas","",Maybe,,,Fordham University,"",,,aldevine,"February 23, 2011 14:49",aldevine,"February 23, 2011 16:23"
32066,1693,Collection Catalog,27,"Bibliotheca Telleriana: sive catalogus librorum bibliothecae illustrissimi ac reverendissimi d.d. Caroli Marutii le Tellier, Archiepiscopi ducis Remensis ... (P. Dubois)","1693 - Le Tellier, Charles-Maurice - Bibliotheca Telleriana: sive catalogus librorum bibliothecae illustrissimi ac reverendissimi d.d. Caroli Marutii le Tellier, Archiepiscopi ducis Remensis ... (P. Dubois)",,"","Le Tellier, Charles-Maurice",Yes,,,Grolier Club,"New York,USA",\*08.34\L646\1693\Folio,unclear if data entry is complete.,manuscript_database,"January 31, 2011 14:38",lransom,"August 22, 2011 17:04"
32061,2011-01,Auction/Sale Catalog,20,TextManuscripts,2011-01 - Les Enluminures - TextManuscripts,,Les Enluminures,"",Yes,,,,"",,,manuscript_database,"January 28, 2011 15:22",(none),""
31842,2010-12,Auction/Sale Catalog,10,Binding and Archeology of the Medieval and Renaissance Book [TextManuscripts 1],2010-12 - Les Enluminures - Binding and Archeology of the Medieval and Renaissance Book [TextManuscripts 1],,Les Enluminures,"",Yes,,,"University of Pennsylvania, The Lawrence J. Schoenberg Catalogue Collection (Penn Print Coll. 28) Lawrence J. Schoenberg Coll.","Philadelphia, PA,USA",,,manuscript_database,"December 24, 2010 12:50",aldevine,"May 07, 2015 11:03"
31586,1917,Auction/Sale Catalog,2,[Temporary ID #1 1917],"1917 - Voynich, Wilfrid Manuel - [Temporary ID #1 1917]",,"Voynich, Wilfrid Manuel","",Yes,,,,"",,,manuscript_database,"October 28, 2010 12:25",aldevine,"June 21, 2011 11:59"
31396,2010-09,Auction/Sale Catalog,47,TextManuscripts,2010-09 - Les Enluminures - TextManuscripts,,Les Enluminures,"",Yes,,,,"",,,manuscript_database,"September 19, 2010 15:47",(none),""
30817,1926,Auction/Sale Catalog,10,[Temporary ID #1 1926],"1926 - Voynich, Wilfrid Manuel - [Temporary ID #1 1926]",,"Voynich, Wilfrid Manuel","",Yes,,,,"",,,manuscript_database,"June 18, 2010 12:39",aldevine,"June 21, 2011 11:59"
30550,1979,Auction/Sale Catalog,16,Catalogue Ten,"1979 - Witten, Laurence - Catalogue Ten",,"Witten, Laurence","",Yes,,,,"",,,manuscript_database,"May 24, 2010 12:56",(none),""
30520,1967,Auction/Sale Catalog,2,"No. 44: Early texts and illustrated books, arts and sciences of six centuries.","1967 - Schab, W. H. - No. 44: Early texts and illustrated books, arts and sciences of six centuries.",,"Schab, W. H.","",Yes,,,,"",,,manuscript_database,"May 24, 2010 12:56",posch,"March 08, 2011 12:45"
30205,1948,Auction/Sale Catalog,1,Temple U,"1948 - Ranschburg, Otto H. - Temple U",,"Ranschburg, Otto H.","",Yes,,,,"",,,manuscript_database,"May 20, 2010 11:43",(none),""
29076,1934-06-25,Auction/Sale Catalog,1,"No. 13: Bibliothek Alexander Fuerst Dietrichstein, Schloss Nikolsburg, C.S.R. II. Teil : und andere Beitraege aus beruehmten alten Sammlungen, pt. 9","1934-06-25 - Gilhofer & Ranschburg - No. 13: Bibliothek Alexander Fuerst Dietrichstein, Schloss Nikolsburg, C.S.R. II. Teil : und andere Beitraege aus beruehmten alten Sammlungen, pt. 9",,Gilhofer & Ranschburg,"",Yes,,,,"",,,manuscript_database,"May 07, 2010 16:04",(none),""
29075,1934-06-25,Auction/Sale Catalog,1,"No. 13: Bibliothek Alexander Fuerst Dietrichstein, Schloss Nikolsburg, C.S.R. II. Teil : und andere Beitraege aus beruehmten alten Sammlungen, pt. 8","1934-06-25 - Gilhofer & Ranschburg - No. 13: Bibliothek Alexander Fuerst Dietrichstein, Schloss Nikolsburg, C.S.R. II. Teil : und andere Beitraege aus beruehmten alten Sammlungen, pt. 8",,Gilhofer & Ranschburg,"",Yes,,,,"",,,manuscript_database,"May 07, 2010 16:04",(none),""
29074,1934-06-25,Auction/Sale Catalog,1,"No. 13: Bibliothek Alexander Fuerst Dietrichstein, Schloss Nikolsburg, C.S.R. II. Teil : und andere Beitraege aus beruehmten alten Sammlungen, pt. 7","1934-06-25 - Gilhofer & Ranschburg - No. 13: Bibliothek Alexander Fuerst Dietrichstein, Schloss Nikolsburg, C.S.R. II. Teil : und andere Beitraege aus beruehmten alten Sammlungen, pt. 7",,Gilhofer & Ranschburg,"",Yes,,,,"",,,manuscript_database,"May 07, 2010 16:04",(none),""
29073,1934-06-25,Auction/Sale Catalog,1,"No. 13: Bibliothek Alexander Fuerst Dietrichstein, Schloss Nikolsburg, C.S.R. II. Teil : und andere Beitraege aus beruehmten alten Sammlungen, pt. 6","1934-06-25 - Gilhofer & Ranschburg - No. 13: Bibliothek Alexander Fuerst Dietrichstein, Schloss Nikolsburg, C.S.R. II. Teil : und andere Beitraege aus beruehmten alten Sammlungen, pt. 6",,Gilhofer & Ranschburg,"",Yes,,,,"",,,manuscript_database,"May 07, 2010 16:04",(none),""
29072,1934-06-25,Auction/Sale Catalog,1,"No. 13: Bibliothek Alexander Fuerst Dietrichstein, Schloss Nikolsburg, C.S.R. II. Teil : und andere Beitraege aus beruehmten alten Sammlungen, pt. 5","1934-06-25 - Gilhofer & Ranschburg - No. 13: Bibliothek Alexander Fuerst Dietrichstein, Schloss Nikolsburg, C.S.R. II. Teil : und andere Beitraege aus beruehmten alten Sammlungen, pt. 5",,Gilhofer & Ranschburg,"",Yes,,,,"",,,manuscript_database,"May 07, 2010 16:04",(none),""
29071,1934-06-25,Auction/Sale Catalog,1,"No. 13: Bibliothek Alexander Fuerst Dietrichstein, Schloss Nikolsburg, C.S.R. II. Teil : und andere Beitraege aus beruehmten alten Sammlungen, pt. 4","1934-06-25 - Gilhofer & Ranschburg - No. 13: Bibliothek Alexander Fuerst Dietrichstein, Schloss Nikolsburg, C.S.R. II. Teil : und andere Beitraege aus beruehmten alten Sammlungen, pt. 4",,Gilhofer & Ranschburg,"",Yes,,,,"",,,manuscript_database,"May 07, 2010 16:04",(none),""
29070,1934-06-25,Auction/Sale Catalog,1,"No. 13: Bibliothek Alexander Fuerst Dietrichstein, Schloss Nikolsburg, C.S.R. II. Teil : und andere Beitraege aus beruehmten alten Sammlungen, pt. 33","1934-06-25 - Gilhofer & Ranschburg - No. 13: Bibliothek Alexander Fuerst Dietrichstein, Schloss Nikolsburg, C.S.R. II. Teil : und andere Beitraege aus beruehmten alten Sammlungen, pt. 33",,Gilhofer & Ranschburg,"",Yes,,,,"",,,manuscript_database,"May 07, 2010 16:04",(none),""
29069,1934-06-25,Auction/Sale Catalog,1,"No. 13: Bibliothek Alexander Fuerst Dietrichstein, Schloss Nikolsburg, C.S.R. II. Teil : und andere Beitraege aus beruehmten alten Sammlungen, pt. 32","1934-06-25 - Gilhofer & Ranschburg - No. 13: Bibliothek Alexander Fuerst Dietrichstein, Schloss Nikolsburg, C.S.R. II. Teil : und andere Beitraege aus beruehmten alten Sammlungen, pt. 32",,Gilhofer & Ranschburg,"",Yes,,,,"",,,manuscript_database,"May 07, 2010 16:04",(none),""
29068,1934-06-25,Auction/Sale Catalog,1,"No. 13: Bibliothek Alexander Fuerst Dietrichstein, Schloss Nikolsburg, C.S.R. II. Teil : und andere Beitraege aus beruehmten alten Sammlungen, pt. 31","1934-06-25 - Gilhofer & Ranschburg - No. 13: Bibliothek Alexander Fuerst Dietrichstein, Schloss Nikolsburg, C.S.R. II. Teil : und andere Beitraege aus beruehmten alten Sammlungen, pt. 31",,Gilhofer & Ranschburg,"",Yes,,,,"",,,manuscript_database,"May 07, 2010 16:04",(none),""
29067,1934-06-25,Auction/Sale Catalog,1,"No. 13: Bibliothek Alexander Fuerst Dietrichstein, Schloss Nikolsburg, C.S.R. II. Teil : und andere Beitraege aus beruehmten alten Sammlungen, pt. 30","1934-06-25 - Gilhofer & Ranschburg - No. 13: Bibliothek Alexander Fuerst Dietrichstein, Schloss Nikolsburg, C.S.R. II. Teil : und andere Beitraege aus beruehmten alten Sammlungen, pt. 30",,Gilhofer & Ranschburg,"",Yes,,,,"",,,manuscript_database,"May 07, 2010 16:04",(none),""
29066,1934-06-25,Auction/Sale Catalog,1,"No. 13: Bibliothek Alexander Fuerst Dietrichstein, Schloss Nikolsburg, C.S.R. II. Teil : und andere Beitraege aus beruehmten alten Sammlungen, pt. 3","1934-06-25 - Gilhofer & Ranschburg - No. 13: Bibliothek Alexander Fuerst Dietrichstein, Schloss Nikolsburg, C.S.R. II. Teil : und andere Beitraege aus beruehmten alten Sammlungen, pt. 3",,Gilhofer & Ranschburg,"",Yes,,,,"",,,manuscript_database,"May 07, 2010 16:04",(none),""
29065,1934-06-25,Auction/Sale Catalog,1,"No. 13: Bibliothek Alexander Fuerst Dietrichstein, Schloss Nikolsburg, C.S.R. II. Teil : und andere Beitraege aus beruehmten alten Sammlungen, pt. 29","1934-06-25 - Gilhofer & Ranschburg - No. 13: Bibliothek Alexander Fuerst Dietrichstein, Schloss Nikolsburg, C.S.R. II. Teil : und andere Beitraege aus beruehmten alten Sammlungen, pt. 29",,Gilhofer & Ranschburg,"",Yes,,,,"",,,manuscript_database,"May 07, 2010 16:04",(none),""
29064,1934-06-25,Auction/Sale Catalog,1,"No. 13: Bibliothek Alexander Fuerst Dietrichstein, Schloss Nikolsburg, C.S.R. II. Teil : und andere Beitraege aus beruehmten alten Sammlungen, pt. 28","1934-06-25 - Gilhofer & Ranschburg - No. 13: Bibliothek Alexander Fuerst Dietrichstein, Schloss Nikolsburg, C.S.R. II. Teil : und andere Beitraege aus beruehmten alten Sammlungen, pt. 28",,Gilhofer & Ranschburg,"",Yes,,,,"",,,manuscript_database,"May 07, 2010 16:04",(none),""
29063,1934-06-25,Auction/Sale Catalog,1,"No. 13: Bibliothek Alexander Fuerst Dietrichstein, Schloss Nikolsburg, C.S.R. II. Teil : und andere Beitraege aus beruehmten alten Sammlungen, pt. 27","1934-06-25 - Gilhofer & Ranschburg - No. 13: Bibliothek Alexander Fuerst Dietrichstein, Schloss Nikolsburg, C.S.R. II. Teil : und andere Beitraege aus beruehmten alten Sammlungen, pt. 27",,Gilhofer & Ranschburg,"",Yes,,,,"",,,manuscript_database,"May 07, 2010 16:04",(none),""
29062,1934-06-25,Auction/Sale Catalog,1,"No. 13: Bibliothek Alexander Fuerst Dietrichstein, Schloss Nikolsburg, C.S.R. II. Teil : und andere Beitraege aus beruehmten alten Sammlungen, pt. 26","1934-06-25 - Gilhofer & Ranschburg - No. 13: Bibliothek Alexander Fuerst Dietrichstein, Schloss Nikolsburg, C.S.R. II. Teil : und andere Beitraege aus beruehmten alten Sammlungen, pt. 26",,Gilhofer & Ranschburg,"",Yes,,,,"",,,manuscript_database,"May 07, 2010 16:04",(none),""
29061,1934-06-25,Auction/Sale Catalog,1,"No. 13: Bibliothek Alexander Fuerst Dietrichstein, Schloss Nikolsburg, C.S.R. II. Teil : und andere Beitraege aus beruehmten alten Sammlungen, pt. 25","1934-06-25 - Gilhofer & Ranschburg - No. 13: Bibliothek Alexander Fuerst Dietrichstein, Schloss Nikolsburg, C.S.R. II. Teil : und andere Beitraege aus beruehmten alten Sammlungen, pt. 25",,Gilhofer & Ranschburg,"",Yes,,,,"",,,manuscript_database,"May 07, 2010 16:04",(none),""
29060,1934-06-25,Auction/Sale Catalog,1,"No. 13: Bibliothek Alexander Fuerst Dietrichstein, Schloss Nikolsburg, C.S.R. II. Teil : und andere Beitraege aus beruehmten alten Sammlungen, pt. 24","1934-06-25 - Gilhofer & Ranschburg - No. 13: Bibliothek Alexander Fuerst Dietrichstein, Schloss Nikolsburg, C.S.R. II. Teil : und andere Beitraege aus beruehmten alten Sammlungen, pt. 24",,Gilhofer & Ranschburg,"",Yes,,,,"",,,manuscript_database,"May 07, 2010 16:04",(none),""
29059,1934-06-25,Auction/Sale Catalog,1,"No. 13: Bibliothek Alexander Fuerst Dietrichstein, Schloss Nikolsburg, C.S.R. II. Teil : und andere Beitraege aus beruehmten alten Sammlungen, pt. 23","1934-06-25 - Gilhofer & Ranschburg - No. 13: Bibliothek Alexander Fuerst Dietrichstein, Schloss Nikolsburg, C.S.R. II. Teil : und andere Beitraege aus beruehmten alten Sammlungen, pt. 23",,Gilhofer & Ranschburg,"",Yes,,,,"",,,manuscript_database,"May 07, 2010 16:04",(none),""
29058,1934-06-25,Auction/Sale Catalog,1,"No. 13: Bibliothek Alexander Fuerst Dietrichstein, Schloss Nikolsburg, C.S.R. II. Teil : und andere Beitraege aus beruehmten alten Sammlungen, pt. 22","1934-06-25 - Gilhofer & Ranschburg - No. 13: Bibliothek Alexander Fuerst Dietrichstein, Schloss Nikolsburg, C.S.R. II. Teil : und andere Beitraege aus beruehmten alten Sammlungen, pt. 22",,Gilhofer & Ranschburg,"",Yes,,,,"",,,manuscript_database,"May 07, 2010 16:04",(none),""
29057,1934-06-25,Auction/Sale Catalog,1,"No. 13: Bibliothek Alexander Fuerst Dietrichstein, Schloss Nikolsburg, C.S.R. II. Teil : und andere Beitraege aus beruehmten alten Sammlungen, pt. 21","1934-06-25 - Gilhofer & Ranschburg - No. 13: Bibliothek Alexander Fuerst Dietrichstein, Schloss Nikolsburg, C.S.R. II. Teil : und andere Beitraege aus beruehmten alten Sammlungen, pt. 21",,Gilhofer & Ranschburg,"",Yes,,,,"",,,manuscript_database,"May 07, 2010 16:04",(none),""
29056,1934-06-25,Auction/Sale Catalog,1,"No. 13: Bibliothek Alexander Fuerst Dietrichstein, Schloss Nikolsburg, C.S.R. II. Teil : und andere Beitraege aus beruehmten alten Sammlungen, pt. 20","1934-06-25 - Gilhofer & Ranschburg - No. 13: Bibliothek Alexander Fuerst Dietrichstein, Schloss Nikolsburg, C.S.R. II. Teil : und andere Beitraege aus beruehmten alten Sammlungen, pt. 20",,Gilhofer & Ranschburg,"",Yes,,,,"",,,manuscript_database,"May 07, 2010 16:04",(none),""
29055,1934-06-25,Auction/Sale Catalog,1,"No. 13: Bibliothek Alexander Fuerst Dietrichstein, Schloss Nikolsburg, C.S.R. II. Teil : und andere Beitraege aus beruehmten alten Sammlungen, pt. 2","1934-06-25 - Gilhofer & Ranschburg - No. 13: Bibliothek Alexander Fuerst Dietrichstein, Schloss Nikolsburg, C.S.R. II. Teil : und andere Beitraege aus beruehmten alten Sammlungen, pt. 2",,Gilhofer & Ranschburg,"",Yes,,,,"",,,manuscript_database,"May 07, 2010 16:04",(none),""
29054,1934-06-25,Auction/Sale Catalog,1,"No. 13: Bibliothek Alexander Fuerst Dietrichstein, Schloss Nikolsburg, C.S.R. II. Teil : und andere Beitraege aus beruehmten alten Sammlungen, pt. 19","1934-06-25 - Gilhofer & Ranschburg - No. 13: Bibliothek Alexander Fuerst Dietrichstein, Schloss Nikolsburg, C.S.R. II. Teil : und andere Beitraege aus beruehmten alten Sammlungen, pt. 19",,Gilhofer & Ranschburg,"",Yes,,,,"",,,manuscript_database,"May 07, 2010 16:04",(none),""
29053,1934-06-25,Auction/Sale Catalog,1,"No. 13: Bibliothek Alexander Fuerst Dietrichstein, Schloss Nikolsburg, C.S.R. II. Teil : und andere Beitraege aus beruehmten alten Sammlungen, pt. 18","1934-06-25 - Gilhofer & Ranschburg - No. 13: Bibliothek Alexander Fuerst Dietrichstein, Schloss Nikolsburg, C.S.R. II. Teil : und andere Beitraege aus beruehmten alten Sammlungen, pt. 18",,Gilhofer & Ranschburg,"",Yes,,,,"",,,manuscript_database,"May 07, 2010 16:04",(none),""
29052,1934-06-25,Auction/Sale Catalog,1,"No. 13: Bibliothek Alexander Fuerst Dietrichstein, Schloss Nikolsburg, C.S.R. II. Teil : und andere Beitraege aus beruehmten alten Sammlungen, pt. 17","1934-06-25 - Gilhofer & Ranschburg - No. 13: Bibliothek Alexander Fuerst Dietrichstein, Schloss Nikolsburg, C.S.R. II. Teil : und andere Beitraege aus beruehmten alten Sammlungen, pt. 17",,Gilhofer & Ranschburg,"",Yes,,,,"",,,manuscript_database,"May 07, 2010 16:04",(none),""
29051,1934-06-25,Auction/Sale Catalog,1,"No. 13: Bibliothek Alexander Fuerst Dietrichstein, Schloss Nikolsburg, C.S.R. II. Teil : und andere Beitraege aus beruehmten alten Sammlungen, pt. 16","1934-06-25 - Gilhofer & Ranschburg - No. 13: Bibliothek Alexander Fuerst Dietrichstein, Schloss Nikolsburg, C.S.R. II. Teil : und andere Beitraege aus beruehmten alten Sammlungen, pt. 16",,Gilhofer & Ranschburg,"",Yes,,,,"",,,manuscript_database,"May 07, 2010 16:04",(none),""
29050,1934-06-25,Auction/Sale Catalog,1,"No. 13: Bibliothek Alexander Fuerst Dietrichstein, Schloss Nikolsburg, C.S.R. II. Teil : und andere Beitraege aus beruehmten alten Sammlungen, pt. 15","1934-06-25 - Gilhofer & Ranschburg - No. 13: Bibliothek Alexander Fuerst Dietrichstein, Schloss Nikolsburg, C.S.R. II. Teil : und andere Beitraege aus beruehmten alten Sammlungen, pt. 15",,Gilhofer & Ranschburg,"",Yes,,,,"",,,manuscript_database,"May 07, 2010 16:04",(none),""
29049,1934-06-25,Auction/Sale Catalog,1,"No. 13: Bibliothek Alexander Fuerst Dietrichstein, Schloss Nikolsburg, C.S.R. II. Teil : und andere Beitraege aus beruehmten alten Sammlungen, pt. 14","1934-06-25 - Gilhofer & Ranschburg - No. 13: Bibliothek Alexander Fuerst Dietrichstein, Schloss Nikolsburg, C.S.R. II. Teil : und andere Beitraege aus beruehmten alten Sammlungen, pt. 14",,Gilhofer & Ranschburg,"",Yes,,,,"",,,manuscript_database,"May 07, 2010 16:04",(none),""
29048,1934-06-25,Auction/Sale Catalog,1,"No. 13: Bibliothek Alexander Fuerst Dietrichstein, Schloss Nikolsburg, C.S.R. II. Teil : und andere Beitraege aus beruehmten alten Sammlungen, pt. 13","1934-06-25 - Gilhofer & Ranschburg - No. 13: Bibliothek Alexander Fuerst Dietrichstein, Schloss Nikolsburg, C.S.R. II. Teil : und andere Beitraege aus beruehmten alten Sammlungen, pt. 13",,Gilhofer & Ranschburg,"",Yes,,,,"",,,manuscript_database,"May 07, 2010 16:04",(none),""
29047,1934-06-25,Auction/Sale Catalog,1,"No. 13: Bibliothek Alexander Fuerst Dietrichstein, Schloss Nikolsburg, C.S.R. II. Teil : und andere Beitraege aus beruehmten alten Sammlungen, pt. 12","1934-06-25 - Gilhofer & Ranschburg - No. 13: Bibliothek Alexander Fuerst Dietrichstein, Schloss Nikolsburg, C.S.R. II. Teil : und andere Beitraege aus beruehmten alten Sammlungen, pt. 12",,Gilhofer & Ranschburg,"",Yes,,,,"",,,manuscript_database,"May 07, 2010 16:04",(none),""
29046,1934-06-25,Auction/Sale Catalog,1,"No. 13: Bibliothek Alexander Fuerst Dietrichstein, Schloss Nikolsburg, C.S.R. II. Teil : und andere Beitraege aus beruehmten alten Sammlungen, pt. 11","1934-06-25 - Gilhofer & Ranschburg - No. 13: Bibliothek Alexander Fuerst Dietrichstein, Schloss Nikolsburg, C.S.R. II. Teil : und andere Beitraege aus beruehmten alten Sammlungen, pt. 11",,Gilhofer & Ranschburg,"",Yes,,,,"",,,manuscript_database,"May 07, 2010 16:04",(none),""
29045,1934-06-25,Auction/Sale Catalog,1,"No. 13: Bibliothek Alexander Fuerst Dietrichstein, Schloss Nikolsburg, C.S.R. II. Teil : und andere Beitraege aus beruehmten alten Sammlungen, pt. 10","1934-06-25 - Gilhofer & Ranschburg - No. 13: Bibliothek Alexander Fuerst Dietrichstein, Schloss Nikolsburg, C.S.R. II. Teil : und andere Beitraege aus beruehmten alten Sammlungen, pt. 10",,Gilhofer & Ranschburg,"",Yes,,,,"",,,manuscript_database,"May 07, 2010 16:04",(none),""
28884,1899-11-06,Auction/Sale Catalog,12,"Catalogue of valuable books & manuscripts late the property of Sir F.A.T.C. Constable, bart. of Burton Constable and Aston Hall, North Ferriby, East Yorks. formed originally by Sir Walter Aston, first Lord Aston, Ambassador to Spain Temp. K. James I.","1899-11-06 - Sotheby, Wilkinson & Hodge - Catalogue of valuable books & manuscripts late the property of Sir F.A.T.C. Constable, bart. of Burton Constable and Aston Hall, North Ferriby, East Yorks. formed originally by Sir Walter Aston, first Lord Aston, Ambassador to Spain Temp. K. James I.",,"Sotheby, Wilkinson & Hodge","",Yes,,,,"",,,manuscript_database,"May 07, 2010 16:04",ecawlfield,"September 14, 2015 13:20"
27750,1962-05-24,Auction/Sale Catalog,0,No. 105: Archiv und Teile der Sammlung J.B. Neumann,1962-05-24 - Kornfeld und Klipstein - No. 105: Archiv und Teile der Sammlung J.B. Neumann,,Kornfeld und Klipstein,"",No,,,Grolier,"",,,ljs_catalog_sources,"April 16, 2010 20:53",aldevine,"March 02, 2011 11:38"
25728,1995-03-29,Auction/Sale Catalog,0,La bibliotheque scientifique et technique de Monsieur R.P.,"1995-03-29 - Hotel Drouot, Labitte - La bibliotheque scientifique et technique de Monsieur R.P.",,"Hotel Drouot, Labitte","",No,,,Grolier,"",,,ljs_catalog_sources,"April 16, 2010 20:53",aldevine,"May 09, 2011 17:00"
22717,1833,Auction/Sale Catalog,0,Inner Temple,1833 - London - Inner Temple,,London,"",,,,Cambridge University Library (CUL),"",,"Old status code or info: ""extract"". Obtained catalog (""provenance"") from: ""munby c"".",ljs_catalog_sources,"April 16, 2010 20:52",aldevine,"April 23, 2010 12:13"
22442,2007-04,Auction/Sale Catalog,6,A singolar tenzone: the battle of the books,2007-04 - Philobiblon - A singolar tenzone: the battle of the books,,Philobiblon,"",Yes,,,LJS,"",,"Odd lot numbers Philobiblon; even, Pregliasco",ljs_catalog_sources,"April 16, 2010 20:52",kgarland,"June 08, 2015 14:19"
21927,1836-10-31,Other Published Source,0,No. Anglo-Saxon….: Teutonic books,1836-10-31 - No. Anglo-Saxon….: Teutonic books,,"","",No,,,Cambridge University Library (CUL),"",,"Obtained catalog (""provenance"") from: ""munby c154ii"".",ljs_catalog_sources,"April 16, 2010 20:52",aldevine,"April 23, 2010 12:10"
17302,1998-11-05,Auction/Sale Catalog,0,No. 1805: Science & technology; medicine.,1998-11-05 - Swann Galleries - No. 1805: Science & technology; medicine.,,Swann Galleries,"",,,,LJS,"",,,ljs_catalog_sources,"April 16, 2010 20:52",aldevine,"May 16, 2011 10:29"
17151,1998,Auction/Sale Catalog,0,No. tefaf base:,1998 - gunther - No. tefaf base:,,gunther,"",,,,LJS,"",,,ljs_catalog_sources,"April 16, 2010 20:52",(none),""
16682,1983,Auction/Sale Catalog,0,"No. 1029: medicine, science, technology","1983 - Quaritch - No. 1029: medicine, science, technology",,Quaritch,"",,,,LJS,"",,,ljs_catalog_sources,"April 16, 2010 20:52",aldevine,"July 26, 2011 10:21"
15460,2004-11-19,Auction/Sale Catalog,0,"Oude en zeldzame boeken, prenten, tekeningen, foto's, atlassen, manuscripten, incunabelen, autografen, moderne originele en geïllustreerde boeken","2004-11-19 - Romantic Agony - Oude en zeldzame boeken, prenten, tekeningen, foto's, atlassen, manuscripten, incunabelen, autografen, moderne originele en geïllustreerde boeken",,Romantic Agony,"",,,,"Getty CMalG, CJPA","",,,penn_sales_catalogs,"April 16, 2010 20:51",(none),""
15076,1991-05-22,Auction/Sale Catalog,0,"Teil I, Bücher und Autographen, dekorative Graphik","1991-05-22 - Bassenge - Teil I, Bücher und Autographen, dekorative Graphik",,Bassenge,"",Yes,,,Grolier 05.44\1991\0522,"",,"Old status code or info: ""entered"".",penn_sales_catalogs,"April 16, 2010 20:51",(none),""
15075,1990-11-14,Auction/Sale Catalog,0,"Teil I, Bücher und Autographen, dekorative Graphik","1990-11-14 - Bassenge - Teil I, Bücher und Autographen, dekorative Graphik",,Bassenge,"",Yes,,,Grolier \05.44\1990\1114,"",,"Old status code or info: ""entered"".",penn_sales_catalogs,"April 16, 2010 20:51",(none),""
15073,1969-05-06,Auction/Sale Catalog,0,"Teil II: Bücher, Autographen","1969-05-06 - Bassenge - Teil II: Bücher, Autographen",,Bassenge,"",Yes,,,Frick Museum,"",,"Old status code or info: ""one ms"".",penn_sales_catalogs,"April 16, 2010 20:51",posch,"April 21, 2010 11:23"
15072,1969-11-04,Auction/Sale Catalog,0,"Alte u. neue Kunst, Teil I.","1969-11-04 - Bassenge - Alte u. neue Kunst, Teil I.",,Bassenge,"",,,,Frick Museum,"",,"Old status code or info: ""not entered"".",penn_sales_catalogs,"April 16, 2010 20:51",(none),""
14616,1835-11-02,Auction/Sale Catalog,0,"ENTERED AS TERBRUGGE Antiquités du moyen-age, objets d'art et curiosités. ( Magnifique cabinet délaissé par feu M. le Comte Clemens-Wenceslas de Renesse-Breidbach.)","1835-11-02 - Ter Bruggen (epul) - ENTERED AS TERBRUGGE Antiquités du moyen-age, objets d'art et curiosités. ( Magnifique cabinet délaissé par feu M. le Comte Clemens-Wenceslas de Renesse-Breidbach.)",,Ter Bruggen (epul),"",Yes,,,Getty,"",,"Old status code or info: ""entered"".",penn_sales_catalogs,"April 16, 2010 20:51",(none),""
14602,1865-04-04,Auction/Sale Catalog,0,"Troisième catalogue de livres anciens et modernes, rares et curieux, provenant de la librairie de Jacques-Joseph Techener père.","1865-04-04 - Techener - Troisième catalogue de livres anciens et modernes, rares et curieux, provenant de la librairie de Jacques-Joseph Techener père.",,Techener,"",Yes,,,Grolier,"",,"Old status code or info: ""one ms (recheck)"".",penn_sales_catalogs,"April 16, 2010 20:51",posch,"April 21, 2010 11:23"
14599,1865-02-20,Auction/Sale Catalog,0,"Livres anciens et modernes, rares et curieux, provenant de la librairie J.-Joseph Techener père. Première partie","1865-02-20 - Techener, Jacques-Joseph - Livres anciens et modernes, rares et curieux, provenant de la librairie J.-Joseph Techener père. Première partie",,"Techener, Jacques-Joseph","",,,,Grolier Club,"New York, NY,USA",,"Old status code or info: ""not entered"".
Old status code or info: ""want catalog-get it"".",penn_sales_catalogs,"April 16, 2010 20:51",aldevine,"August 26, 2014 11:22"
14592,1992-05-14,Auction/Sale Catalog,0,"Medicine, natural history, science & technology. Cat no 1593","1992-05-14 - Swann Galleries - Medicine, natural history, science & technology. Cat no 1593",,Swann Galleries,"",,,,PACSC (PPL) - Library Company,"",,"Old status code or info: ""not entered"".
Old status code or info: ""want catalog"".",penn_sales_catalogs,"April 16, 2010 20:51",aldevine,"May 11, 2011 08:18"
14566,1993-03-12,Auction/Sale Catalog,0,"Katalog … J. A. Stargardt 653, Autographen aus allen Gebieten : Auktion in Berlin am 11. und 12. März 1993. Teil 1-2","1993-03-12 - Stargardt - Katalog … J. A. Stargardt 653, Autographen aus allen Gebieten : Auktion in Berlin am 11. und 12. März 1993. Teil 1-2",,Stargardt,"",,,,Both at the Deutsche Nationalbliothek,"",,"Old status code or info: ""not entered"".",penn_sales_catalogs,"April 16, 2010 20:51",(none),""
14414,1832-11-19,Auction/Sale Catalog,0,"Catalogue de livres tres bien conditionnes:provenant de la bibliotheque de feu M. Nicolle (de Cauffry), compose en partie de grands livres a figures tels que musees galeries, voyages pittoresques, etc","1832-11-19 - Silvestre - Catalogue de livres tres bien conditionnes:provenant de la bibliotheque de feu M. Nicolle (de Cauffry), compose en partie de grands livres a figures tels que musees galeries, voyages pittoresques, etc",,Silvestre,"",Yes,,,Getty,"",,"Old status code or info: ""one ms"".",penn_sales_catalogs,"April 16, 2010 20:51",(none),""
14397,1962-11-05,Auction/Sale Catalog,0,"Graphik, Handzeichnungen, Gemälde, Antiquitäten, Teil I.","1962-11-05 - Rosen - Graphik, Handzeichnungen, Gemälde, Antiquitäten, Teil I.",,Rosen,"",Yes,,,Getty,"",,"Old status code or info: ""two mss"".",penn_sales_catalogs,"April 16, 2010 20:51",(none),""
14394,1901-04-15,Auction/Sale Catalog,0,"Antiquités et objects d'art du moyen age de la renaissance et des temps modernes appartenant à M. W.H. Herriman,","1901-04-15 - Rome - Antiquités et objects d'art du moyen age de la renaissance et des temps modernes appartenant à M. W.H. Herriman,",,Rome,"",Yes,,,American Academy in Rome,"",,"Old status code or info: ""two mss"".",penn_sales_catalogs,"April 16, 2010 20:51",(none),""
14376,1948,Auction/Sale Catalog,0,Temple U or List 31?,1948 - Ranschburg - Temple U or List 31?,,Ranschburg,"",Yes,,,,"",,"Old status code or info: ""one ms"".",penn_sales_catalogs,"April 16, 2010 20:51",(none),""
14129,1962-05-24,Auction/Sale Catalog,0,Archiv und Teile der Sammlung J.B. Neumann.,1962-05-24 - Klipstein - Archiv und Teile der Sammlung J.B. Neumann.,,Klipstein,"",No,,,Grolier,"",,"Old status code or info: ""not entered"".",penn_sales_catalogs,"April 16, 2010 20:51",(none),""
14123,1960-11-21,Auction/Sale Catalog,0,"Bücher, Autographen : Manuskripte; alte Drucke und Holzschnittbücher des 15.-16. Jahrhunderts; alte Medizin, Naturwissenschaften und Technik; Geographie und Reisewerke; Bayern; Russland; Kulturgeschichte","1960-11-21 - Karl & Faber - Bücher, Autographen : Manuskripte; alte Drucke und Holzschnittbücher des 15.-16. Jahrhunderts; alte Medizin, Naturwissenschaften und Technik; Geographie und Reisewerke; Bayern; Russland; Kulturgeschichte",,Karl & Faber,"",Yes,,,Grolier,"",,"Old status code or info: ""one ms"".",penn_sales_catalogs,"April 16, 2010 20:51",(none),""
14122,1935-05-07,Auction/Sale Catalog,0,Bibliophile Kostbarkeiten der Fürstl. Öttingen-Wallerstein'schen Bibliothek in Maihingen dabei Marcus Fugger (Teil IV); der Schach-Bibliothek v.d. Lasa und Beitrage aus anderem Besitz ... : Versteigerung 7. Mai 1935,1935-05-07 - Karl & Faber - Bibliophile Kostbarkeiten der Fürstl. Öttingen-Wallerstein'schen Bibliothek in Maihingen dabei Marcus Fugger (Teil IV); der Schach-Bibliothek v.d. Lasa und Beitrage aus anderem Besitz ... : Versteigerung 7. Mai 1935,,Karl & Faber,"",Yes,,,PACSC (PPRF) - Rosenbach,"",,"Old status code or info: ""two mss"".",penn_sales_catalogs,"April 16, 2010 20:51",(none),""
14121,1960-05-04,Auction/Sale Catalog,0,"Bücher. Manuskripte; alte Drucke und Holzschnittbücher des 15.-16. Jahrhundedrts; alte Medizin, Naturwissenschaften und Technik; Geographie und Reisewerke; Bavarica; Militaria","1960-05-04 - Karl & Faber - Bücher. Manuskripte; alte Drucke und Holzschnittbücher des 15.-16. Jahrhundedrts; alte Medizin, Naturwissenschaften und Technik; Geographie und Reisewerke; Bavarica; Militaria",,Karl & Faber,"",Yes,,,Grolier,"",,"Old status code or info: ""two mss"".",penn_sales_catalogs,"April 16, 2010 20:51",(none),""
14120,1969-04-28,Auction/Sale Catalog,0,"Bücher, Autographen - Manuskripte; alte Drucke und Holzschnittbücher; alte Medizin, Naturwissenschaften und Technik; Globen, Atlanten und Landkarten","1969-04-28 - Karl & Faber - Bücher, Autographen - Manuskripte; alte Drucke und Holzschnittbücher; alte Medizin, Naturwissenschaften und Technik; Globen, Atlanten und Landkarten",,Karl & Faber,"",Yes,,,Grolier,"",,"Old status code or info: ""entered"".",penn_sales_catalogs,"April 16, 2010 20:51",(none),""
14119,1935-05-11,Auction/Sale Catalog,0,Bibliophile Kostbarkeiten aus den Bibliotheken S.D.d. Fürsten Ottingen Wallerstein in Maihingen und des Augsburger Patriziers Marcus Fugger (III. Teil) und Beiträge aus anderem Besitz.,1935-05-11 - Karl & Faber - Bibliophile Kostbarkeiten aus den Bibliotheken S.D.d. Fürsten Ottingen Wallerstein in Maihingen und des Augsburger Patriziers Marcus Fugger (III. Teil) und Beiträge aus anderem Besitz.,,Karl & Faber,"",Maybe,,,PACSC (PPRF) - Rosenbach,"",,"Old status code or info: ""not entered"".",penn_sales_catalogs,"April 16, 2010 20:51",(none),""
14110,1898-04-18,Auction/Sale Catalog,0,Biblioteca del ful Principe D. Baldassarre Boncompagni; parte terza.,1898-04-18 - Innocenti bocca - Biblioteca del ful Principe D. Baldassarre Boncompagni; parte terza.,,Innocenti bocca,"",Maybe,,,Grolier,"",,"Old status code or info: ""not entered"".",penn_sales_catalogs,"April 16, 2010 20:51",(none),""
14072,1976-04-28,Auction/Sale Catalog,0,"Die Bibliotheken Salman Schocken, Karl Wolfskehl, Teil II. (also see Teil I, 19751126)","1976-04-28 - Hauswedell - Die Bibliotheken Salman Schocken, Karl Wolfskehl, Teil II. (also see Teil I, 19751126)",,Hauswedell,"",Yes,,,Grolier,"",,"Old status code or info: ""three mss"".",penn_sales_catalogs,"April 16, 2010 20:51",(none),""
14030,1977-02-28,Auction/Sale Catalog,0,"Miscellaneous books & prints. Comprising old & rare books 15th-18th centuries including Bleau's Theatrum Orbis Terrarum, 3 vols., 1640, illustrated books & topography, Dutch pamphlets relating to America","1977-02-28 - Van Gendt - Miscellaneous books & prints. Comprising old & rare books 15th-18th centuries including Bleau's Theatrum Orbis Terrarum, 3 vols., 1640, illustrated books & topography, Dutch pamphlets relating to America",,Van Gendt,"",Yes,,,MZA,"",,"Old status code or info: ""one ms"".",penn_sales_catalogs,"April 16, 2010 20:51",(none),""
13833,1969-05-06,Auction/Sale Catalog,0,"Teil II, Bücher, Autographen MAY NOT BE IT","1969-05-06 - Bassenge - Teil II, Bücher, Autographen MAY NOT BE IT",,Bassenge,"",Yes,,,Grolier,"",,"Old status code or info: ""one ms"".",penn_sales_catalogs,"April 16, 2010 20:51",(none),""
13832,1974-05-16,Auction/Sale Catalog,0,"Bücher, Autographen, Teil II. MAY NOT BE IT","1974-05-16 - Bassenge - Bücher, Autographen, Teil II. MAY NOT BE IT",,Bassenge,"",Maybe,,,,"",,"Old status code or info: ""not entered"".",penn_sales_catalogs,"April 16, 2010 20:51",(none),""
13466,,Auction/Sale Catalog,1,Univ Texas Rans,"Wells, Gabriel - Univ Texas Rans",,"Wells, Gabriel","",Yes,,,,"",,,manuscript_database,"April 14, 2010 10:05",(none),""
13465,,Auction/Sale Catalog,1,Univ Texas Hrc,Richards - Univ Texas Hrc,,Richards,"",Yes,,,,"",,,manuscript_database,"April 14, 2010 10:05",(none),""
13464,,Auction/Sale Catalog,1,Univ Texas Hrc,Aitken - Univ Texas Hrc,,Aitken,"",Yes,,,,"",,,manuscript_database,"April 14, 2010 10:05",(none),""
13463,,Auction/Sale Catalog,1,Univ Texas,Villagran - Univ Texas,,Villagran,"",Yes,,,,"",,,manuscript_database,"April 14, 2010 10:05",(none),""
13460,,Auction/Sale Catalog,1,U Tex Ransom,University of Texas - U Tex Ransom,,University of Texas,"",Yes,,,,"",,,manuscript_database,"April 14, 2010 10:05",(none),""
13459,,Auction/Sale Catalog,1,U Tex Ransom,Parsons - U Tex Ransom,,Parsons,"",Yes,,,,"",,,manuscript_database,"April 14, 2010 10:05",(none),""
13458,,Auction/Sale Catalog,1,U Tex Ransom,Blacking - U Tex Ransom,,Blacking,"",Yes,,,,"",,,manuscript_database,"April 14, 2010 10:05",(none),""
13229,2010-03-12,Auction/Sale Catalog,9,Highlight from TEFAF Maastricht,2010-03-12 - Dr. Jorn Gunther Rare Books AG - Highlight from TEFAF Maastricht,,Dr. Jorn Gunther Rare Books AG,"",Yes,,,"University of Pennsylvania, The Lawrence J. Schoenberg Catalogue Collection (Penn Print Coll. 28)","Philadelphia, PA,USA",,,manuscript_database,"April 14, 2010 10:05",aldevine,"February 10, 2015 11:08"
13214,2009-10-09,Auction/Sale Catalog,26,Indian and Islamic Works of Art and Textiles (cor-5836),2009-10-09 - Christie's South Kensington - Indian and Islamic Works of Art and Textiles (cor-5836),,Christie's South Kensington,"",Yes,,,"University of Pennsylvania, The Lawrence J. Schoenberg Catalogue Collection (Penn Print Coll. 28)","Philadelphia, PA,USA",,,manuscript_database,"April 14, 2010 10:05",aldevine,"April 07, 2015 11:01"
13200,2009-03-13,Auction/Sale Catalog,4,"Best of Tefaf, Maastricht","2009-03-13 - Gunther, Jorn - Best of Tefaf, Maastricht",,"Gunther, Jorn","",Yes,,,,"",,,manuscript_database,"April 14, 2010 10:05",kgarland,"July 16, 2015 14:34"
13196,2009-01,Auction/Sale Catalog,28,TextManuscripts,2009-01 - Les Enluminures - TextManuscripts,,Les Enluminures,"",Yes,,,,"",,,manuscript_database,"April 14, 2010 10:05",lschoenb,"February 13, 2012 15:52"
13173,2008-09,Auction/Sale Catalog,20,TextManuscripts,2008-09 - Les Enluminures - TextManuscripts,,Les Enluminures,"",Yes,,,,"",,,manuscript_database,"April 14, 2010 10:05",lschoenb,"February 13, 2012 16:05"
13152,2008,Auction/Sale Catalog,4,"Tefaf-Fair 2008, Maastricht - Highlights of Dr. Jorn Gunther Antiquariat, Stand 246","2008 - Gunther, Jorn - Tefaf-Fair 2008, Maastricht - Highlights of Dr. Jorn Gunther Antiquariat, Stand 246",,"Gunther, Jorn","",Yes,library,,Schoenberg Institute of Manuscript Studies,"",,,manuscript_database,"April 14, 2010 10:05",mbudisin92,"December 04, 2015 13:42"
13151,2008,Auction/Sale Catalog,6,TEFAF Maastricht arts and antique fair,2008 - Les Enluminures - TEFAF Maastricht arts and antique fair,,Les Enluminures,"",Yes,,,,"",,,manuscript_database,"April 14, 2010 10:05",lschoenb,"March 25, 2012 16:55"
13130,2007-10-24,Auction/Sale Catalog,8,Arts of the Islamic world: including fine carpets and textiles [L08220],2007-10-24 - Sotheby's - Arts of the Islamic world: including fine carpets and textiles [L08220],,Sotheby's,"",Yes,,,"University of Pennsylvania, The Lawrence J. Schoenberg Catalogue Collection (Penn Print Coll. 28)","Philadelphia, PA,USA",,,manuscript_database,"April 14, 2010 10:05",kgarland,"June 01, 2015 09:35"
13086,2007,Auction/Sale Catalog,52,TextManuscripts,2007 - Les Enluminures - TextManuscripts,,Les Enluminures,"",Yes,,,,"",,,manuscript_database,"April 14, 2010 10:05",lransom,"May 09, 2011 16:17"
13050,2006-09,Auction/Sale Catalog,41,TextManuscripts,2006-09 - Les Enluminures - TextManuscripts,,Les Enluminures,"",Yes,,,,"",,,manuscript_database,"April 14, 2010 10:05",lschoenb,"February 12, 2012 16:47"
12979,2005-09,Auction/Sale Catalog,42,TextManuscripts,2005-09 - Les Enluminures - TextManuscripts,,Les Enluminures,"",Yes,,,,"",,,manuscript_database,"April 14, 2010 10:05",lschoenb,"February 12, 2012 16:47"
12962,2005-04-28,Auction/Sale Catalog,4,"No. 2040: Fine books: including early printing, 19th & 20th century literature, press & illustrated books, science & technology, travel.","2005-04-28 - Swann Galleries - No. 2040: Fine books: including early printing, 19th & 20th century literature, press & illustrated books, science & technology, travel.",,Swann Galleries,"",Yes,,,,"",,,manuscript_database,"April 14, 2010 10:05",aldevine,"May 16, 2011 10:03"
12951,2005-03-04,Auction/Sale Catalog,17,TEFAF Maastricht arts and antique fair,2005-03-04 - Les Enluminures - TEFAF Maastricht arts and antique fair,,Les Enluminures,"",Yes,,,,"",,,manuscript_database,"April 14, 2010 10:05",aldevine,"April 19, 2010 15:09"
12898,2004-09,Auction/Sale Catalog,28,TextManuscripts,2004-09 - Les Enluminures - TextManuscripts,,Les Enluminures,"",Yes,,,,"",,,manuscript_database,"April 14, 2010 10:05",lschoenb,"February 12, 2012 16:40"
12813,2003-06-17,Auction/Sale Catalog,64,"A third selection of illuminated manuscripts from the tenth to the sixteenth centuries: the property of Mr. J.R. Ritman sold for the benefit of the Bibliotheca Philosophica Hermetica, Amsterdam.","2003-06-17 - Sotheby's - A third selection of illuminated manuscripts from the tenth to the sixteenth centuries: the property of Mr. J.R. Ritman sold for the benefit of the Bibliotheca Philosophica Hermetica, Amsterdam.",,Sotheby's,"",Yes,,,,"",,,manuscript_database,"April 14, 2010 10:05",(none),""
12632,2002-09,Auction/Sale Catalog,63,TextManuscripts,2002-09 - Les Enluminures - TextManuscripts,,Les Enluminures,"",Yes,,,,"",,,manuscript_database,"April 14, 2010 10:05",lschoenb,"March 24, 2012 21:44"
12258,1998,Auction/Sale Catalog,3,Tefaf,"1998 - Gunther, Jorn - Tefaf",,"Gunther, Jorn","",Yes,,,,"",,,manuscript_database,"April 14, 2010 10:05",(none),""
12156,1996-05-20,Auction/Sale Catalog,5,"No. 27: Handschriften, Autographen, seltene Bücher, Teil I.","1996-05-20 - Zisska & Kistner - No. 27: Handschriften, Autographen, seltene Bücher, Teil I.",,Zisska & Kistner,"",Yes,,,LJS,"",,,manuscript_database,"April 14, 2010 10:05",aldevine,"March 22, 2011 16:37"
12068,1995-04-25,Auction/Sale Catalog,2,"No. 25: Handschriften, Autographen, seltene Bucher, Teil I.","1995-04-25 - Zisska & Kistner - No. 25: Handschriften, Autographen, seltene Bucher, Teil I.",,Zisska & Kistner,"",Yes,,,LJS,"",,,manuscript_database,"April 14, 2010 10:05",aldevine,"March 22, 2011 16:36"
12048,1995,Auction/Sale Catalog,56,"No. 16: Text manuscripts and documents from 2200 BC to 1600 AD : containing manuscripts, documents and inscribed artifacts in Sumerian cuneiform, hieroglyphic and hieratic Old Egyptian, Sahidic and Bohairic Coptic, Bactrian scri","1995 - Fogg, Sam - No. 16: Text manuscripts and documents from 2200 BC to 1600 AD : containing manuscripts, documents and inscribed artifacts in Sumerian cuneiform, hieroglyphic and hieratic Old Egyptian, Sahidic and Bohairic Coptic, Bactrian scri",,"Fogg, Sam","",Yes,,,,"",,,manuscript_database,"April 14, 2010 10:05",(none),""
11884,1993,Auction/Sale Catalog,7,"Illuminated and text manuscripts, illuminated miniatures and single leaves from the 12th to the 19th century.","1993 - Maggs - Illuminated and text manuscripts, illuminated miniatures and single leaves from the 12th to the 19th century.",,Maggs,"",Yes,,,,"",,,manuscript_database,"April 14, 2010 10:05",(none),""
11861,1992-10-06,Auction/Sale Catalog,10,"Wertvolle bucher, dekorative graphik : Teile der Bibliothek Nordkirchen, Jagdsammlung Georg Wiedenmann ... 48","1992-10-06 - Reiss & Sohn - Wertvolle bucher, dekorative graphik : Teile der Bibliothek Nordkirchen, Jagdsammlung Georg Wiedenmann ... 48",,Reiss & Sohn,"",Yes,,,,"",,"Old status code or info: ""extract"".",manuscript_database,"April 14, 2010 10:05",aldevine,"August 02, 2011 09:09"
11839,1992-04-07,Auction/Sale Catalog,7,"Wertvolle bucher, dekorative graphik: Schlesien-Sammlung Dr. H.H. Cohn, Suffern, N.Y., Teile der Bibliothek Nordkirchen ...47","1992-04-07 - Reiss & Sohn - Wertvolle bucher, dekorative graphik: Schlesien-Sammlung Dr. H.H. Cohn, Suffern, N.Y., Teile der Bibliothek Nordkirchen ...47",,Reiss & Sohn,"",Yes,,,,"",,"Old status code or info: ""extract"".",manuscript_database,"April 14, 2010 10:05",aldevine,"August 02, 2011 09:09"
11827,1992,Auction/Sale Catalog,48,No. 15: Text manuscripts of the Middle Ages and Renaissance.,"1992 - Fogg, Sam - No. 15: Text manuscripts of the Middle Ages and Renaissance.",,"Fogg, Sam","",Yes,,,,"",,,manuscript_database,"April 14, 2010 10:05",(none),""
11784,1991-05-16,Auction/Sale Catalog,1,"Music and continental manuscripts, including the autograph manuscript of Mahler's Tenth Symphony","1991-05-16 - Sotheby's - Music and continental manuscripts, including the autograph manuscript of Mahler's Tenth Symphony",,Sotheby's,"",Yes,,,Grolier Club,"New York,USA",\05.42\1991\0416,,manuscript_database,"April 14, 2010 10:05",mconstantinou,"December 15, 2010 10:15"
11688,1990,Auction/Sale Catalog,21,"European bulletin no. 15: 16 Illuminated and text manuscripts, illuminated miniatures and single leaves from the 12th to the 17th century","1990 - Maggs - European bulletin no. 15: 16 Illuminated and text manuscripts, illuminated miniatures and single leaves from the 12th to the 17th century",,Maggs,"",Yes,,,,"",,,manuscript_database,"April 14, 2010 10:05",(none),""
11479,1987,Auction/Sale Catalog,29,"No. 20: lIllumination und Illustration vom 13. bis 16. Jahrhundert: Katalog XX zum 10 jährigen Firmen-Jubiläum, 1987 : Heribert Tenschert Antiquariat.","1987 - Tenschert - No. 20: lIllumination und Illustration vom 13. bis 16. Jahrhundert: Katalog XX zum 10 jährigen Firmen-Jubiläum, 1987 : Heribert Tenschert Antiquariat.",,Tenschert,"",Yes,,,,"",,,manuscript_database,"April 14, 2010 10:05",(none),""
11478,1987,Auction/Sale Catalog,1,"No. 20: Illumination und Illustration vom 13. bis 16. Jahrhundert: Katalog XX zum 10 jährigen Firmen-Jubiläum, 1987 : Heribert Tenschert Antiquariat.","1987 - Tenschert - No. 20: Illumination und Illustration vom 13. bis 16. Jahrhundert: Katalog XX zum 10 jährigen Firmen-Jubiläum, 1987 : Heribert Tenschert Antiquariat.",,Tenschert,"",Yes,,,,"",,,manuscript_database,"April 14, 2010 10:05",(none),""
11019,1980-07-21,Auction/Sale Catalog,5,"Valuable autograph letters, literary manuscripts, and historical documents, Tennyson","1980-07-21 - Parke-Bernet - Valuable autograph letters, literary manuscripts, and historical documents, Tennyson",,Parke-Bernet,"",Yes,,,Grolier,"",,,manuscript_database,"April 14, 2010 10:05",aldevine,"May 27, 2011 12:15"
11005,1980-05-06,Auction/Sale Catalog,47,No. 126: Sammlung Adam Teil I.,1980-05-06 - Tenner - No. 126: Sammlung Adam Teil I.,,Tenner,"",Yes,,,,"",,,manuscript_database,"April 14, 2010 10:05",(none),""
10990,1980,Auction/Sale Catalog,1,No. 1002: Western text hands: from late 9th to early 14th century.,1980 - Maggs - No. 1002: Western text hands: from late 9th to early 14th century.,,Maggs,"",Yes,,,,"",,,manuscript_database,"April 14, 2010 10:05",(none),""
10736,1976-04-28,Auction/Sale Catalog,3,"No. 211: Die Bibliotheken Salman Schocken, Karl Wolfskehl, Teil II.","1976-04-28 - Hauswedell - No. 211: Die Bibliotheken Salman Schocken, Karl Wolfskehl, Teil II.",,Hauswedell,"",Yes,,,,"",,,manuscript_database,"April 14, 2010 10:05",(none),""
10708,1975-11-26,Auction/Sale Catalog,2,"No. 209. Die Bibliotheken Salman Schocken, Karl Wolfskehl, Teil I.","1975-11-26 - Hauswedell - No. 209. Die Bibliotheken Salman Schocken, Karl Wolfskehl, Teil I.",,Hauswedell,"",Yes,,,,"",,,manuscript_database,"April 14, 2010 10:05",(none),""
10707,1975-11-26,Auction/Sale Catalog,3,"No. 208. Die Bibliotheken Salman Schocken, Karl Wolfskehl, Teil I.","1975-11-26 - Hauswedell - No. 208. Die Bibliotheken Salman Schocken, Karl Wolfskehl, Teil I.",,Hauswedell,"",Yes,,,,"",,,manuscript_database,"April 14, 2010 10:05",(none),""
10687,1975-04-16,Auction/Sale Catalog,13,"No. 104: Auktion[skataloge]: Helmut Tenner, Buch- und Kunstantiquariat. Heidelberg 104","1975-04-16 - Tenner - No. 104: Auktion[skataloge]: Helmut Tenner, Buch- und Kunstantiquariat. Heidelberg 104",,Tenner,"",Yes,,,,"",,,manuscript_database,"April 14, 2010 10:05",(none),""
10574,1973-10-24,Auction/Sale Catalog,11,"No. 97: Auktion[skataloge]: Helmut Tenner, Buch- und Kunstantiquariat. Heidelberg 97","1973-10-24 - Tenner - No. 97: Auktion[skataloge]: Helmut Tenner, Buch- und Kunstantiquariat. Heidelberg 97",,Tenner,"",Yes,,,,"",,,manuscript_database,"April 14, 2010 10:05",(none),""
10529,1973,Auction/Sale Catalog,7,"No. 103: Books, manuscripts, fine bindings, autograph letters from the tenth to the present century.","1973 - Breslauer - No. 103: Books, manuscripts, fine bindings, autograph letters from the tenth to the present century.",,Breslauer,"",Yes,,,,"",,,manuscript_database,"April 14, 2010 10:05",(none),""
10409,1971-04-23,Auction/Sale Catalog,15,"Gothic and Renaissance illuminated manuscripts from Texas collections; 23 April-23 June 1971, Mariam Lutcher Stark Library, the University of Texas at Austin. Austin, 1971","1971-04-23 - University of Texas - Gothic and Renaissance illuminated manuscripts from Texas collections; 23 April-23 June 1971, Mariam Lutcher Stark Library, the University of Texas at Austin. Austin, 1971",,University of Texas,"",Yes,,,,"",,,manuscript_database,"April 14, 2010 10:05",(none),""
10386,1971,Auction/Sale Catalog,1,"Histoire des sciences; livres, autographes, instruments, astrolabes, microscopes, lunettes, telescopes, etc. Precieuse bible enluminee du XIIIe siecle. L'imprimerie au XIIIe siecle","1971 - Brieux, Alain - Histoire des sciences; livres, autographes, instruments, astrolabes, microscopes, lunettes, telescopes, etc. Precieuse bible enluminee du XIIIe siecle. L'imprimerie au XIIIe siecle",,"Brieux, Alain","",Yes,,,Smithsonian,"",,,manuscript_database,"April 14, 2010 10:05",aldevine,"February 21, 2011 09:28"
9811,1962,Auction/Sale Catalog,2,Univ Texasansom,1962 - Parsons - Univ Texasansom,,Parsons,"",Yes,,,,"",,,manuscript_database,"April 14, 2010 10:05",(none),""
9810,1962,Auction/Sale Catalog,3,U Tex Ransom,1962 - Parsons - U Tex Ransom,,Parsons,"",Yes,,,,"",,,manuscript_database,"April 14, 2010 10:05",(none),""
9809,1962,Auction/Sale Catalog,1,U Tex,1962 - Parsons - U Tex,,Parsons,"",Yes,,,,"",,,manuscript_database,"April 14, 2010 10:05",(none),""
9672,1961-03-19,Auction/Sale Catalog,1,"Oude, romantische en moderne schilderijen, aquarellen, tekeningen, gravures, prenten","1961-03-19 - S. J. Mak van Waay - Oude, romantische en moderne schilderijen, aquarellen, tekeningen, gravures, prenten",,S. J. Mak van Waay,"",Yes,,,,"",,,manuscript_database,"April 14, 2010 10:05",aldevine,"September 28, 2010 11:32"
8906,1953-06-18,Auction/Sale Catalog,2,"Hodgson & Co. A catalogue of books …also the library of the late M.S. Giuseppi, Assistant Keeper of the Records; the collection of books on the history of technology and industry, formed by Rhys Jenkyns (decd.), past president of the Newcomen Society;","1953-06-18 - Hodgson & Co. - Hodgson & Co. A catalogue of books …also the library of the late M.S. Giuseppi, Assistant Keeper of the Records; the collection of books on the history of technology and industry, formed by Rhys Jenkyns (decd.), past president of the Newcomen Society;",,Hodgson & Co.,"",Yes,,,Grolier,"",,"Old status code or info: ""want catalog"".",manuscript_database,"April 14, 2010 10:05",aldevine,"March 09, 2011 12:01"
8837,1953,Auction/Sale Catalog,1,"Austin, TX, University of Texas, Harry Ransom Humanities Research Center","1953 - Dare - Austin, TX, University of Texas, Harry Ransom Humanities Research Center",,Dare,"",Yes,,,,"",,,manuscript_database,"April 14, 2010 10:05",(none),""
8667,1951,Auction/Sale Catalog,1,Temple,1951 - Myers - Temple,,Myers,"",Yes,,,,"",,,manuscript_database,"April 14, 2010 10:05",(none),""
8384,1948,Auction/Sale Catalog,4,"No. 653: Descriptions of Three Minatures, Four Manuscripts, and Ten Printed Books of the First Importance","1948 - Quaritch - No. 653: Descriptions of Three Minatures, Four Manuscripts, and Ten Printed Books of the First Importance",,Quaritch,"",Yes,,,Temple University,"Philadelphia, PA",,"Old status code or info: ""sf"".",manuscript_database,"April 14, 2010 10:05",aldevine,"June 25, 2012 09:04"
8216,1945-10-15,Auction/Sale Catalog,100,"Harmsworth Trust Library: VI Portion. Illuminated MSS, Rare Mediaeval Texts, Etc., Property of Sir R. Leicester Harmsworth","1945-10-15 - Sotheby's - Harmsworth Trust Library: VI Portion. Illuminated MSS, Rare Mediaeval Texts, Etc., Property of Sir R. Leicester Harmsworth",,Sotheby's,"",Yes,,,,"",,"Old status code or info: ""extract"".",manuscript_database,"April 14, 2010 10:05",aldevine,"January 20, 2014 10:06"
7435,1936,Auction/Sale Catalog,1,Univ Tex Ransom,1936 - Ashbruner - Univ Tex Ransom,,Ashbruner,"",Yes,,,,"",,,manuscript_database,"April 14, 2010 10:05",(none),""
7349,1935-02-14,Auction/Sale Catalog,6,"Library of the late Rev. Dr. Roderick Terry, pt. III","1935-02-14 - American Art/Anderson - Library of the late Rev. Dr. Roderick Terry, pt. III",,American Art/Anderson,"",Yes,,,,"",,"04/14/2010 10:05 Obtained catalog (""provenance"") from: ""munby b100"".",manuscript_database,"April 14, 2010 10:05",lransom,"April 11, 2011 12:32"
7293,1935,Auction/Sale Catalog,1,"New York, Columbia University, Teachers College, Gottesman Libraries, Special Collections, MS V808.N84. Gift of Paul Monroe, professor of history of education at Teachers College, 1902-1935.","1935 - Monroe, Paul - New York, Columbia University, Teachers College, Gottesman Libraries, Special Collections, MS V808.N84. Gift of Paul Monroe, professor of history of education at Teachers College, 1902-1935.",,"Monroe, Paul","",Yes,,,,"",,,manuscript_database,"April 14, 2010 10:05",(none),""
7159,1934-11-07,Auction/Sale Catalog,9,"No. 4125: the late Rev. Dr. Roderick Terry, pt. II","1934-11-07 - American Art/Anderson - No. 4125: the late Rev. Dr. Roderick Terry, pt. II",,American Art/Anderson,"",Yes,,,,"",,"Old status code or info: ""extract"". Obtained catalog (""provenance"") from: ""munby b 99"".",manuscript_database,"April 14, 2010 10:05",lransom,"April 08, 2011 16:32"
7104,1934-05-11,Auction/Sale Catalog,1,Bibliophile Kostbarkeiten aus den Bibliotheken S.D.d. Fursten Ottingen Wallerstein in Maihingen und des Augsburger Patriziers Marcus Fugger (III. Teil) und Beitrage aus anderem Besitz.,1934-05-11 - Karl & Faber - Bibliophile Kostbarkeiten aus den Bibliotheken S.D.d. Fursten Ottingen Wallerstein in Maihingen und des Augsburger Patriziers Marcus Fugger (III. Teil) und Beitrage aus anderem Besitz.,,Karl & Faber,"",Yes,,,,"",,,manuscript_database,"April 14, 2010 10:05",(none),""
7099,1934-05-02,Auction/Sale Catalog,5,"No. 4107: the late Rev. Dr. Roderick Terry, pt. I","1934-05-02 - American Art/Anderson - No. 4107: the late Rev. Dr. Roderick Terry, pt. I",,American Art/Anderson,"",Yes,,,,"",,"Old status code or info: ""extract"". Obtained catalog (""provenance"") from: ""munby b 98"".",manuscript_database,"April 14, 2010 10:05",lransom,"April 11, 2011 12:10"
7083,1934-01-18,Auction/Sale Catalog,1,"Lib. G-B, expert; Etienne Ader, presiding; Succession du Colonel baron du Teil. Beaux livres anciens et modernes provenant des bibliotheques de MM. Emile et Roger Galichon.","1934-01-18 - Giraud-Badin - Lib. G-B, expert; Etienne Ader, presiding; Succession du Colonel baron du Teil. Beaux livres anciens et modernes provenant des bibliotheques de MM. Emile et Roger Galichon.",,Giraud-Badin,"",Yes,,,,"",,,manuscript_database,"April 14, 2010 10:05",(none),""
6997,1933-02-14,Auction/Sale Catalog,2,"A selection from the library at Pull Court, Tewkesbury. (Sold by direction of the trustees of the Dowdeswell settled estates and of the Rev. G. Berens-Dowdeswell.)","1933-02-14 - Sotheby's - A selection from the library at Pull Court, Tewkesbury. (Sold by direction of the trustees of the Dowdeswell settled estates and of the Rev. G. Berens-Dowdeswell.)",,Sotheby's,"",Yes,,,PACSC (PPRF) - Rosenbach,"",,"Old status code or info: ""one ms"".",manuscript_database,"April 14, 2010 10:05",aldevine,"September 12, 2011 09:27"
6922,1932-06-14,Auction/Sale Catalog,18,"Kostbare buecher und manuskripte aus den bibliotheken der Russischen Zaren in Zarskoje-Selo, Herzog Albrecht v. Sachsen-Teschen, Dr. Albert Figdor, Wien, dazu ausgewählte inkunabeln einer stifts-bibliothek und wertvolle fruehe urkunden und autographen","1932-06-14 - Gilhofer & Ranschburg - Kostbare buecher und manuskripte aus den bibliotheken der Russischen Zaren in Zarskoje-Selo, Herzog Albrecht v. Sachsen-Teschen, Dr. Albert Figdor, Wien, dazu ausgewählte inkunabeln einer stifts-bibliothek und wertvolle fruehe urkunden und autographen",,Gilhofer & Ranschburg,"",Yes,,,,"",,,manuscript_database,"April 14, 2010 10:05",(none),""
6663,1930-05-26,Auction/Sale Catalog,2,"A selected portion of the extensive and valuable library the property of Arthur Kay, esq., H.R.S.A., 11, Regent Terrace, Edinburgh.","1930-05-26 - Sotheby's - A selected portion of the extensive and valuable library the property of Arthur Kay, esq., H.R.S.A., 11, Regent Terrace, Edinburgh.",,Sotheby's,"",Yes,,,,"",,,manuscript_database,"April 14, 2010 10:05",(none),""
6550,1929-12-16,Auction/Sale Catalog,54,"Fine illuminated & other manuscripts, early classical texts, valuable printed books.","1929-12-16 - Sotheby's - Fine illuminated & other manuscripts, early classical texts, valuable printed books.",,Sotheby's,"",Yes,,,LJS,"",,"Other sellers - 

Sir F.S. Powell
Marquess of Cholmondeley
Earl Ferrers
Col. George Monckton Arundell
Theobald Ponsonby
Hablot Browne
Major H.S. Greg
K.R.C. Sturmer
W.O. Greenway
Major P. à Beckett
Mrs. S. Charrington Martin
Cedric Chivers
Miss J.M. Arnold Foster
Mrs. de Vere
F. Beverley Morgan
Lady Harty
Mrs. Washington Elam
Major H. Howard
Norbert Hoffmann
Rev. John Oliver
Lt. Col. John Murray
W. Bruce Smith
Lady Albinia Donaldson
Albert E. Tebb
Dr. Schuarte",manuscript_database,"April 14, 2010 10:05",lransom,"February 02, 2011 14:20"
6315,1927-05-31,Auction/Sale Catalog,1,"The Anhalt Gospels, a magnificent tenth century manuscript, the property of a collector.","1927-05-31 - Sotheby's - The Anhalt Gospels, a magnificent tenth century manuscript, the property of a collector.",,Sotheby's,"",Yes,,,LJS,"",,"Old status code or info: ""extract"".",manuscript_database,"April 14, 2010 10:05",aldevine,"October 10, 2011 17:38"
6219,1926-06-17,Auction/Sale Catalog,2,"Manoscritti, incunabuli, legature, libri figurati des secoli XVI e XVIII, terza parte.","1926-06-17 - Hoepli - Manoscritti, incunabuli, legature, libri figurati des secoli XVI e XVIII, terza parte.",,Hoepli,"",Yes,,,"Museum of Fine Arts, Boston","",,"Old status code or info: ""really want catalog"".
Old status code or info: ""one ms"".",manuscript_database,"April 14, 2010 10:05",aldevine,"March 09, 2011 12:05"
6059,1925,Auction/Sale Catalog,3,U Tex Ransom,1925 - Stark - U Tex Ransom,,Stark,"",Yes,,,,"",,,manuscript_database,"April 14, 2010 10:05",(none),""
5320,1915-11-11,Auction/Sale Catalog,1,"A catalogue of rare and valuable books : including ... a set of the Tudor facsimile texts, 151 vols. ..., valuable natural history books ..., the library of the late Rev. H.G. Woods, D.D., Master of the Temple ...","1915-11-11 - Hodgson & Co. - A catalogue of rare and valuable books : including ... a set of the Tudor facsimile texts, 151 vols. ..., valuable natural history books ..., the library of the late Rev. H.G. Woods, D.D., Master of the Temple ...",,Hodgson & Co.,"",Yes,,,,"",,,manuscript_database,"April 14, 2010 10:05",aldevine,"July 11, 2011 10:54"
4937,1910-06-06,Auction/Sale Catalog,298,"Further portion of the classical, historical, topographical, genealogical and other manuscripts & autograph letters of the late Sir Thomas Phillipps ... including upwards of two hundred volumes on vellum dating from the tenth century ... pt. 14","1910-06-06 - Sotheby, Wilkinson & Hodge - Further portion of the classical, historical, topographical, genealogical and other manuscripts & autograph letters of the late Sir Thomas Phillipps ... including upwards of two hundred volumes on vellum dating from the tenth century ... pt. 14",,"Sotheby, Wilkinson & Hodge","",Yes,,,,"",,,manuscript_database,"April 14, 2010 10:05",ecawlfield,"September 15, 2015 11:35"
4580,1906-11-26,Auction/Sale Catalog,1,"Catalogue of the valuable private library of the late F. Griswold Tefft from Griswold Lodge, Great Barrington, Mass., together with other consignments","1906-11-26 - C. F. Libbie & Co. - Catalogue of the valuable private library of the late F. Griswold Tefft from Griswold Lodge, Great Barrington, Mass., together with other consignments",,C. F. Libbie & Co.,"",Yes,,,Grolier,"New York, NY,USA",,,manuscript_database,"April 14, 2010 10:05",aldevine,"March 24, 2011 10:23"
4080,1900-05-21,Auction/Sale Catalog,1,Library of Cavaliere Andrea Tessier (removed from Venice),"1900-05-21 - Rosenthal, J. - Library of Cavaliere Andrea Tessier (removed from Venice)",,"Rosenthal, J.","",Yes,,,PACSC (PPRF) - Rosenbach,"",,,manuscript_database,"April 14, 2010 10:05",lransom,"June 15, 2011 15:46"
3991,1899-05-01,Auction/Sale Catalog,166,"Portion of the collection of manuscripts known as the 'Appendix,' made by the late Earl of Ashburnham, from whose printed catalogue the descriptions are taken, together with an important text of the later version of Wycliffe's English Bible ....","1899-05-01 - Sotheby, Wilkinson & Hodge - Portion of the collection of manuscripts known as the 'Appendix,' made by the late Earl of Ashburnham, from whose printed catalogue the descriptions are taken, together with an important text of the later version of Wycliffe's English Bible ....",,"Sotheby, Wilkinson & Hodge","",Yes,,,Grolier,"",,,manuscript_database,"April 14, 2010 10:05",ecawlfield,"September 14, 2015 13:16"
3954,1899,Auction/Sale Catalog,1,"Bibliopoliana; catalogue mensuel des livres anciens rares, et curieux ... etc. qui se brouent chez L. Techener …","1899 - Techener - Bibliopoliana; catalogue mensuel des livres anciens rares, et curieux ... etc. qui se brouent chez L. Techener …",,Techener,"",Yes,,,,"",,,manuscript_database,"April 14, 2010 10:05",(none),""
3880,1897-05-01,Auction/Sale Catalog,20,"Portion of the collection of manuscripts known as the 'Appendix,' made by the late Earl of Ashburnham, from whose printed catalogue the descriptions are taken, together with an important text of the later version of Wycliffe's English Bible ....","1897-05-01 - Sotheby, Wilkinson & Hodge - Portion of the collection of manuscripts known as the 'Appendix,' made by the late Earl of Ashburnham, from whose printed catalogue the descriptions are taken, together with an important text of the later version of Wycliffe's English Bible ....",,"Sotheby, Wilkinson & Hodge","",Yes,,,,"",,,manuscript_database,"April 14, 2010 10:05",ecawlfield,"October 03, 2015 12:33"
3301,1886-09,Auction/Sale Catalog,122,"No. 369: Catalogue of Manuscripts, chiefly illuminated, and remarkable as examples of antiquity, calligraphy and ornamentation, including also valuable texts...","1886-09 - Quaritch - No. 369: Catalogue of Manuscripts, chiefly illuminated, and remarkable as examples of antiquity, calligraphy and ornamentation, including also valuable texts...",,Quaritch,"",Yes,internet,,LJS,"",http://books.google.com/books?id=MtADAAAAYAAJ&dq=inauthor%3A%22Quaritch%22%20manuscript&pg=PA3437#v=onepage&q=inauthor:%22Quaritch%22%20manuscript&f=false,"Obtained catalog (""provenance"") from: ""edmonds"".",manuscript_database,"April 14, 2010 10:05",lransom,"February 24, 2011 14:40"
2801,1871,Auction/Sale Catalog,10,Minutoli-Tegrim,1871 - Lucca - Minutoli-Tegrim,,Lucca,"",Yes,,,,"",,,manuscript_database,"April 14, 2010 10:05",(none),""
2800,1871,Auction/Sale Catalog,2,Catalogo dei codici manoscritti posseduti dal nobile Signore Conte Eugenio Minutoli Tegrimi in Lucca.,"1871 - Minutoli-Tegrimi, Eugenio - Catalogo dei codici manoscritti posseduti dal nobile Signore Conte Eugenio Minutoli Tegrimi in Lucca.",,"Minutoli-Tegrimi, Eugenio","",Yes,,,,"",,,manuscript_database,"April 14, 2010 10:05",hok,"September 07, 2011 15:47"
2630,1865-06-29,Auction/Sale Catalog,81,"Catalogue de livres anciens et modernes, rares et curieux, provenant de la librairie J.-Joseph Techener père. Septieme partie [Nos. 5060 a 7556.]","1865-06-29 - Sotheby, Wilkinson & Hodge - Catalogue de livres anciens et modernes, rares et curieux, provenant de la librairie J.-Joseph Techener père. Septieme partie [Nos. 5060 a 7556.]",,"Sotheby, Wilkinson & Hodge","",Yes,internet,,,"",http://books.google.com/books?id=cwxbAAAAcAAJ&dq=TECHENER%201865%20sotheby's&pg=PR1#v=onepage&q=TECHENER%201865%20sotheby's&f=false,"Old status code or info: ""grolier club"".
First Part of catalogue (""Premiere Partie""/ cat. pp.1-62) contains 452 items: 96 manuscripts/ ""manuscrits"" (#1-96/ pp.1-17); 210 incunables/ ""livres imprimes du XVe siecle"" (#97-307, pp.17-45); and 144 Aldines/ ""livres imprimes par les Aldes [Collection Aldine]"" (#308-452, pp.45-62).
'author' field with value 'Techener, Joseph-Leon' in the legacy database could not be migrated into an appropriate field for this source type",manuscript_database,"April 14, 2010 10:05",lransom,"September 16, 2015 13:22"
2604,1864-11-21,Auction/Sale Catalog,72,"Schilderijen en teekeningen, van moderne nederlandsche en buitenlandsche meesters.","1864-11-21 - Van Stockum's - Schilderijen en teekeningen, van moderne nederlandsche en buitenlandsche meesters.",,Van Stockum's,"",Yes,,,,"",,,manuscript_database,"April 14, 2010 10:05",(none),""
1450,1833,Collection Catalog,43,Printed books and manuscripts in the Library of the Printed books and manuscripts in the Library of the Inner Temple,"1833 - London, Inner Temple - Printed books and manuscripts in the Library of the Printed books and manuscripts in the Library of the Inner Temple",,"","London, Inner Temple",Yes,,,,"",,,manuscript_database,"April 14, 2010 10:05",hok,"September 06, 2011 13:47"
582,1782-03-04,Auction/Sale Catalog,4,Le Tellier,1782-03-04 - Nyon L'aine - Le Tellier,,Nyon L'aine,"",Yes,,,Chantilly,"",,Tillier (Courtanvaux,manuscript_database,"April 14, 2010 10:05",posch,"October 07, 2011 11:05"
389,1742-03-29,Auction/Sale Catalog,1,"Clavell, Walter, F.R.S., of the Intter Temple. Bibliotheca Selectissima. John Heath, Exeter Exchange in the Strand.","1742-03-29 - Heath-London - Clavell, Walter, F.R.S., of the Intter Temple. Bibliotheca Selectissima. John Heath, Exeter Exchange in the Strand.",,Heath-London,"",Yes,,,,"",,,manuscript_database,"April 14, 2010 10:05",(none),""
5,1469-10-31,Collection Catalog,20,TEST: The Hebrew Manuscripts in the Valmadonna Trust Library,1469-10-31 - Pseido-Cicero - TEST: The Hebrew Manuscripts in the Valmadonna Trust Library,TEST: Author,"",Pseido-Cicero,No,library,1999,TEST: Library,"TEST: Location (city, country)",1111,TEST: Comments,manuscript_database,"April 14, 2010 10:05",hellerb,"May 13, 2016 12:23"
