Bibliography and Genealogy,80 cards,8 MB,Senate House MS901/4/1,https://dericci.senatehouselibrary.ac.uk/web_pdf/dericci_misc_bibliography_genealogy.pdf
British Libraries - Directories,33 cards,3 MB,Senate House MS901/4/1,https://dericci.senatehouselibrary.ac.uk/web_pdf/dericci_misc_british_libraries_directories.pdf
Cartularies,261 cards,20 MB,Senate House MS901/4/5,https://dericci.senatehouselibrary.ac.uk/web_pdf/dericci_misc_cartularies.pdf
Exhibitions,41 cards,5 MB,Senate House MS901/4/3,https://dericci.senatehouselibrary.ac.uk/web_pdf/dericci_misc_exhibitions.pdf
Facsimiles,75 cards,10 MB,Senate House MS901/4/5,https://dericci.senatehouselibrary.ac.uk/web_pdf/dericci_misc_facsimiles.pdf
General,72 cards,7 MB,Senate House MS901/4/1,https://dericci.senatehouselibrary.ac.uk/web_pdf/dericci_misc_general.pdf
"General Works, Abbott to Aydelotte",54 cards,4 MB,Senate House MS901/4/1,https://dericci.senatehouselibrary.ac.uk/web_pdf/dericci_misc_genworks_abbo_to_ayde.pdf
"General, Broxap to Byrne",141 cards,14 MB,Senate House MS901/4/1,https://dericci.senatehouselibrary.ac.uk/web_pdf/dericci_misc_general_brox_to_byrn.pdf
"General, Cabala to Champollion-Figeac",117 cards,16 MB,Senate House MS901/4/1,https://dericci.senatehouselibrary.ac.uk/web_pdf/dericci_misc_general_caba_to_cham.pdf
"General, Chancellor to Curtis",79 cards,7 MB,Senate House MS901/4/1,https://dericci.senatehouselibrary.ac.uk/web_pdf/dericci_misc_general_chan_to_curt.pdf
"General, Dalrymple to Dyce",81 cards,9 MB,Senate House MS901/4/1,https://dericci.senatehouselibrary.ac.uk/web_pdf/dericci_misc_general_dalr_to_dyce.pdf
"General, Earle to Furniwall",87 cards,7 MB,Senate House MS901/4/1,https://dericci.senatehouselibrary.ac.uk/web_pdf/dericci_misc_general_earl_to_furn.pdf
"General, G",(A,B,,https://dericci.senatehouselibrary.ac.uk/web_pdf/dericci_misc_general_gab_to_gutc.pdf
"General, Habington to Hingeston",171 cards,16 MB,Senate House MS901/4/1,https://dericci.senatehouselibrary.ac.uk/web_pdf/dericci_misc_general_habi_to_hing.pdf
"General, Imbert-Terry to Kriehn",108 cards,11 MB,Senate House MS901/4/1,https://dericci.senatehouselibrary.ac.uk/web_pdf/dericci_misc_general_imb_to_krie.pdf
"General, Laborde to Lyttelton",116 cards,12 MB,Senate House MS901/4/1,https://dericci.senatehouselibrary.ac.uk/web_pdf/dericci_misc_general_labo_to_lytt.pdf
"General, Lubinenko to Mussafia",171 cards,18 MB,Senate House MS901/4/1,https://dericci.senatehouselibrary.ac.uk/web_pdf/dericci_misc_general_lubi_to_muss.pdf
"General, Namier to Pantin",71 cards,8 MB,Senate House MS901/4/1,https://dericci.senatehouselibrary.ac.uk/web_pdf/dericci_misc_general_nami_to_pant.pdf
"General, Roll Series",130 cards,14 MB,Senate House MS901/4/2,https://dericci.senatehouselibrary.ac.uk/web_pdf/dericci_misc_general_roll_series.pdf
"General, Sainsbury to Sykes",142 cards,14 MB,Senate House MS901/4/2,https://dericci.senatehouselibrary.ac.uk/web_pdf/dericci_misc_general_sain_to_syke.pdf
"General, Tait to Vising",95 cards,9 MB,Senate House MS901/4/2,https://dericci.senatehouselibrary.ac.uk/web_pdf/dericci_misc_general_tait_to_visi.pdf
"General, Waagen to Wylie",171 cards,19 MB,Senate House MS901/4/2,https://dericci.senatehouselibrary.ac.uk/web_pdf/dericci_misc_general_waag_to_wyli.pdf
Historical Manuscripts Commission (HMC),89 cards,11 MB,Senate House MS901/4/1,https://dericci.senatehouselibrary.ac.uk/web_pdf/dericci_misc_hmc.pdf
Index Card,1 card,<1 MB,Senate House MS901/4/1,https://dericci.senatehouselibrary.ac.uk/web_pdf/dericci_misc_index_card.pdf
Index to Annotated Books Listed in Osborne's Catalogues [pt,1],185 cards,,https://dericci.senatehouselibrary.ac.uk/web_pdf/dericci_misc_index_osborne1.pdf
Index to Annotated Books Listed in Osborne's Catalogues [pt,2],91 cards,,https://dericci.senatehouselibrary.ac.uk/web_pdf/dericci_misc_index_osborne2.pdf
"Miscellaneous, A",77 cards,5 MB,Senate House MS901/4/4,https://dericci.senatehouselibrary.ac.uk/web_pdf/dericci_misc_a.pdf
"Miscellaneous, B",113 cards,8 MB,Senate House MS901/4/4,https://dericci.senatehouselibrary.ac.uk/web_pdf/dericci_misc_b.pdf
"Miscellaneous, C",178 cards,13 MB,Senate House MS901/4/4,https://dericci.senatehouselibrary.ac.uk/web_pdf/dericci_misc_c.pdf
"Miscellaneous, D",64 cards,4 MB,Senate House MS901/4/4,https://dericci.senatehouselibrary.ac.uk/web_pdf/dericci_misc_d.pdf
"Miscellaneous, E",45 cards,3 MB,Senate House MS901/4/4,https://dericci.senatehouselibrary.ac.uk/web_pdf/dericci_misc_e.pdf
"Miscellaneous, F",30 cards,2 MB,Senate House MS901/4/4,https://dericci.senatehouselibrary.ac.uk/web_pdf/dericci_misc_f.pdf
"Miscellaneous, G",44 cards,3 MB,Senate House MS901/4/4,https://dericci.senatehouselibrary.ac.uk/web_pdf/dericci_misc_g.pdf
"Miscellaneous, H",101 cards,6 MB,Senate House MS901/4/4,https://dericci.senatehouselibrary.ac.uk/web_pdf/dericci_misc_h.pdf
"Miscellaneous, I",19 cards,1 MB,Senate House MS901/4/4,https://dericci.senatehouselibrary.ac.uk/web_pdf/dericci_misc_i.pdf
"Miscellaneous, J",34 cards,2 MB,Senate House MS901/4/4,https://dericci.senatehouselibrary.ac.uk/web_pdf/dericci_misc_j.pdf
"Miscellaneous, K",22 cards,1 MB,Senate House MS901/4/4,https://dericci.senatehouselibrary.ac.uk/web_pdf/dericci_misc_k.pdf
"Miscellaneous, L [pt",1],2 cards,,https://dericci.senatehouselibrary.ac.uk/web_pdf/dericci_misc_l1.pdf
"Miscellaneous, L [pt",2],153 cards,,https://dericci.senatehouselibrary.ac.uk/web_pdf/dericci_misc_l2.pdf
"Miscellaneous, M",113 cards,9 MB,Senate House MS901/4/4,https://dericci.senatehouselibrary.ac.uk/web_pdf/dericci_misc_m.pdf
"Miscellaneous, N",39 cards,3 MB,Senate House MS901/4/4,https://dericci.senatehouselibrary.ac.uk/web_pdf/dericci_misc_n.pdf
"Miscellaneous, O",24 cards,2 MB,Senate House MS901/4/4,https://dericci.senatehouselibrary.ac.uk/web_pdf/dericci_misc_o.pdf
"Miscellaneous, P",130 cards,9 MB,Senate House MS901/4/4,https://dericci.senatehouselibrary.ac.uk/web_pdf/dericci_misc_p.pdf
"Miscellaneous, Q",3 cards,<1 MB,Senate House MS901/4/4,https://dericci.senatehouselibrary.ac.uk/web_pdf/dericci_misc_q.pdf
"Miscellaneous, R",46 cards,3 MB,Senate House MS901/4/4,https://dericci.senatehouselibrary.ac.uk/web_pdf/dericci_misc_r.pdf
"Miscellaneous, S",117 cards,8 MB,Senate House MS901/4/4,https://dericci.senatehouselibrary.ac.uk/web_pdf/dericci_misc_s.pdf
"Miscellaneous, T",51 cards,3 MB,Senate House MS901/4/4,https://dericci.senatehouselibrary.ac.uk/web_pdf/dericci_misc_t.pdf
"Miscellaneous, U",1 card,<1 MB,Senate House MS901/4/4,https://dericci.senatehouselibrary.ac.uk/web_pdf/dericci_misc_u.pdf
"Miscellaneous, V",23 cards,1 MB,Senate House MS901/4/4,https://dericci.senatehouselibrary.ac.uk/web_pdf/dericci_misc_v.pdf
"Miscellaneous, W",49 cards,3 MB,Senate House MS901/4/4,https://dericci.senatehouselibrary.ac.uk/web_pdf/dericci_misc_w.pdf
"Miscellaneous, Y",4 cards,<1 MB,Senate House MS901/4/4,https://dericci.senatehouselibrary.ac.uk/web_pdf/dericci_misc_y.pdf
Parish Registers,186 cards,22 MB,Senate House MS901/4/2,https://dericci.senatehouselibrary.ac.uk/web_pdf/dericci_misc_parish_registers.pdf
"Periodicals, Abbotsford to Bulletin",106 cards,11 MB,Senate House MS901/4/2,https://dericci.senatehouselibrary.ac.uk/web_pdf/dericci_misc_periodicals_abbo_to_bull.pdf
"Periodicals, Caermarthenshire to Cymmrodorion",203 cards,23 MB,Senate House MS901/4/2,https://dericci.senatehouselibrary.ac.uk/web_pdf/dericci_misc_periodicals_caer_to_cymm.pdf
"Periodicals, Derbyshire to Notts",205 cards,25 MB,Senate House MS901/4/2,https://dericci.senatehouselibrary.ac.uk/web_pdf/dericci_misc_periodicals_derb_to_nott.pdf
"Periodicals, Orkney to Rutland",117 cards,13 MB,Senate House MS901/4/3,https://dericci.senatehouselibrary.ac.uk/web_pdf/dericci_misc_periodicals_orkn_to_rutl.pdf
"Periodicals, Roxburghe to Rymer",200 cards,17 MB,Senate House MS901/4/2,https://dericci.senatehouselibrary.ac.uk/web_pdf/dericci_misc_periodicals_roxb_to_ryme.pdf
"Periodicals, Saint to Zeitschrift",101 cards,11 MB,Senate House MS901/4/3,https://dericci.senatehouselibrary.ac.uk/web_pdf/dericci_misc_periodicals_sain_to_zeit.pdf
Preliminary Bibliography,13 cards,2 MB,Senate House MS901/4/1,https://dericci.senatehouselibrary.ac.uk/web_pdf/dericci_misc_preliminary_bibliography.pdf
Seats and Halls,88 cards,7 MB,Senate House MS901/3/11,https://dericci.senatehouselibrary.ac.uk/web_pdf/dericci_misc_seats_halls.pdf
Topography,10 cards,1 MB,Senate House MS901/4/3,https://dericci.senatehouselibrary.ac.uk/web_pdf/dericci_misc_topography.pdf
"Topography, Channel Islands, Guernsey and Jersey",26 cards,3 MB,Senate House MS901/4/3,https://dericci.senatehouselibrary.ac.uk/web_pdf/dericci_misc_topography_guernsey_jersey.pdf
"Topography, England, Bedfordshire",17 cards,1 MB,Senate House MS901/4/3,https://dericci.senatehouselibrary.ac.uk/web_pdf/dericci_misc_topography_bedfordshire.pdf
"Topography, England, Berkshire",22 cards,2 MB,Senate House MS901/4/3,https://dericci.senatehouselibrary.ac.uk/web_pdf/dericci_misc_topography_berkshire.pdf
"Topography, England, Buckinghamshire",15 cards,1 MB,Senate House MS901/4/3,https://dericci.senatehouselibrary.ac.uk/web_pdf/dericci_misc_topography_buckinghamshire.pdf
"Topography, England, Cambridgeshire",15 cards,1 MB,Senate House MS901/4/3,https://dericci.senatehouselibrary.ac.uk/web_pdf/dericci_misc_topography_cambridgeshire.pdf
"Topography, England, Cheshire",50 cards,4 MB,Senate House MS901/4/3,https://dericci.senatehouselibrary.ac.uk/web_pdf/dericci_misc_topography_cheshire.pdf
"Topography, England, Cornwall",45 cards,4 MB,Senate House MS901/4/3,https://dericci.senatehouselibrary.ac.uk/web_pdf/dericci_misc_topography_cornwall.pdf
"Topography, England, Cumberland",22 cards,2 MB,Senate House MS901/4/3,https://dericci.senatehouselibrary.ac.uk/web_pdf/dericci_misc_topography_cumberland.pdf
"Topography, England, Derbyshire",30 cards,2 MB,Senate House MS901/4/3,https://dericci.senatehouselibrary.ac.uk/web_pdf/dericci_misc_topography_derbyshire.pdf
"Topography, England, Devonshire",49 cards,4 MB,Senate House MS901/4/3,https://dericci.senatehouselibrary.ac.uk/web_pdf/dericci_misc_topography_devonshire.pdf
"Topography, England, Dorset",18 cards,2 MB,Senate House MS901/4/3,https://dericci.senatehouselibrary.ac.uk/web_pdf/dericci_misc_topography_dorset.pdf
"Topography, England, Durham",25 cards,2 MB,Senate House MS901/4/3,https://dericci.senatehouselibrary.ac.uk/web_pdf/dericci_misc_topography_durham.pdf
"Topography, England, Essex",33 cards,3 MB,Senate House MS901/4/3,https://dericci.senatehouselibrary.ac.uk/web_pdf/dericci_misc_topography_essex.pdf
"Topography, England, Gloucestershire",28 cards,3 MB,Senate House MS901/4/3,https://dericci.senatehouselibrary.ac.uk/web_pdf/dericci_misc_topography_gloucestershire.pdf
"Topography, England, Hampshire",18 cards,2 MB,Senate House MS901/4/3,https://dericci.senatehouselibrary.ac.uk/web_pdf/dericci_misc_topography_hampshire.pdf
"Topography, England, Herefordshire",16 cards,1 MB,Senate House MS901/4/3,https://dericci.senatehouselibrary.ac.uk/web_pdf/dericci_misc_topography_herefordshire.pdf
"Topography, England, Hertfordshire",25 cards,2 MB,Senate House MS901/4/3,https://dericci.senatehouselibrary.ac.uk/web_pdf/dericci_misc_topography_hertfordshire.pdf
"Topography, England, Huntingdonshire",11 cards,<1 MB,Senate House MS901/4/3,https://dericci.senatehouselibrary.ac.uk/web_pdf/dericci_misc_topography_huntingdonshire.pdf
"Topography, England, Kent",76 cards,8 MB,Senate House MS901/4/3,https://dericci.senatehouselibrary.ac.uk/web_pdf/dericci_misc_topography_kent.pdf
"Topography, England, Lancashire",66 cards,6 MB,Senate House MS901/4/3,https://dericci.senatehouselibrary.ac.uk/web_pdf/dericci_misc_topography_lancashire.pdf
"Topography, England, Leicestershire",22 cards,2 MB,Senate House MS901/4/3,https://dericci.senatehouselibrary.ac.uk/web_pdf/dericci_misc_topography_leicestershire.pdf
"Topography, England, Lincolnshire",38 cards,3 MB,Senate House MS901/4/3,https://dericci.senatehouselibrary.ac.uk/web_pdf/dericci_misc_topography_lincolnshire.pdf
"Topography, England, Norfolk",56 cards,5 MB,Senate House MS901/4/3,https://dericci.senatehouselibrary.ac.uk/web_pdf/dericci_misc_topography_norfolk.pdf
"Topography, England, Northamptonshire [pt",1],36 cards,,https://dericci.senatehouselibrary.ac.uk/web_pdf/dericci_misc_topography_northamptonshire1.pdf
"Topography, England, Northamptonshire [pt",2],2 cards,,https://dericci.senatehouselibrary.ac.uk/web_pdf/dericci_misc_topography_northamptonshire2.pdf
"Topography, England, Northumberland",41 cards,4 MB,Senate House MS901/4/3,https://dericci.senatehouselibrary.ac.uk/web_pdf/dericci_misc_topography_northumberland.pdf
"Topography, England, Nottinghamshire",31 cards,3 MB,Senate House MS901/4/3,https://dericci.senatehouselibrary.ac.uk/web_pdf/dericci_misc_topography_nottinghamshire.pdf
"Topography, England, Oxfordshire",32 cards,3 MB,Senate House MS901/4/3,https://dericci.senatehouselibrary.ac.uk/web_pdf/dericci_misc_topography_oxfordshire.pdf
"Topography, England, Rutland",12 cards,1 MB,Senate House MS901/4/3,https://dericci.senatehouselibrary.ac.uk/web_pdf/dericci_misc_topography_rutland.pdf
"Topography, England, Shropshire",37 cards,4 MB,Senate House MS901/4/3,https://dericci.senatehouselibrary.ac.uk/web_pdf/dericci_misc_topography_shropshire.pdf
"Topography, England, Somerset",42 cards,3 MB,Senate House MS901/4/3,https://dericci.senatehouselibrary.ac.uk/web_pdf/dericci_misc_topography_somerset.pdf
"Topography, England, Staffordshire",26 cards,2 MB,Senate House MS901/4/3,https://dericci.senatehouselibrary.ac.uk/web_pdf/dericci_misc_topography_staffordshire.pdf
"Topography, England, Suffolk",41 cards,3 MB,Senate House MS901/4/5,https://dericci.senatehouselibrary.ac.uk/web_pdf/dericci_misc_topography_suffolk.pdf
"Topography, England, Surrey",38 cards,3 MB,Senate House MS901/4/5,https://dericci.senatehouselibrary.ac.uk/web_pdf/dericci_misc_topography_surrey.pdf
"Topography, England, Sussex",55 cards,6 MB,Senate House MS901/4/5,https://dericci.senatehouselibrary.ac.uk/web_pdf/dericci_misc_topography_sussex.pdf
"Topography, England, Warwickshire",39 cards,4 MB,Senate House MS901/4/5,https://dericci.senatehouselibrary.ac.uk/web_pdf/dericci_misc_topography_warwickshire.pdf
"Topography, England, Westmoreland",18 cards,2 MB,Senate House MS901/4/5,https://dericci.senatehouselibrary.ac.uk/web_pdf/dericci_misc_topography_westmoreland.pdf
"Topography, England, Wiltshire",32 cards,3 MB,Senate House MS901/4/5,https://dericci.senatehouselibrary.ac.uk/web_pdf/dericci_misc_topography_wiltshire.pdf
"Topography, England, Worcestershire",20 cards,2 MB,Senate House MS901/4/5,https://dericci.senatehouselibrary.ac.uk/web_pdf/dericci_misc_topography_worcestershire.pdf
"Topography, England, Yorkshire",91 cards,9 MB,Senate House MS901/4/5,https://dericci.senatehouselibrary.ac.uk/web_pdf/dericci_misc_topography_yorkshire.pdf
"Topography, Ireland [pt",1],50 cards,,https://dericci.senatehouselibrary.ac.uk/web_pdf/dericci_misc_topography_ireland1.pdf
"Topography, Ireland [pt",2],221 cards,,https://dericci.senatehouselibrary.ac.uk/web_pdf/dericci_misc_topography_ireland2.pdf
"Topography, Man",37 cards,3 MB,Senate House MS901/4/5,https://dericci.senatehouselibrary.ac.uk/web_pdf/dericci_misc_topography_man.pdf
"Topography, Scotland [pt",1],81 cards,,https://dericci.senatehouselibrary.ac.uk/web_pdf/dericci_misc_topography_scotland1.pdf
"Topography, Scotland [pt",2],183 cards,,https://dericci.senatehouselibrary.ac.uk/web_pdf/dericci_misc_topography_scotland2.pdf
"Topography, Wales [pt",1],37 cards,,https://dericci.senatehouselibrary.ac.uk/web_pdf/dericci_misc_topography_wales1.pdf
"Topography, Wales [pt",2],121 cards,,https://dericci.senatehouselibrary.ac.uk/web_pdf/dericci_misc_topography_wales2.pdf
"Topography, Wales, Montgomeryshire",1 card,<1 MB,Senate House MS901/4/3,https://dericci.senatehouselibrary.ac.uk/web_pdf/dericci_misc_topography_montgomeryshire.pdf
"Topography, Wales, Montmouthshire",13 cards,1 MB,Senate House MS901/4/3,https://dericci.senatehouselibrary.ac.uk/web_pdf/dericci_misc_topography_montmouthshire.pdf
Visitations,73 cards,6 MB,Senate House MS901/4/5,https://dericci.senatehouselibrary.ac.uk/web_pdf/dericci_misc_visitations.pdf
Year Books,25 cards,2 MB,Senate House MS901/4/2,https://dericci.senatehouselibrary.ac.uk/web_pdf/dericci_misc_year_books.pdf
